Workbook

Sheet Summary
B2: SYMBOL LIST | E2: LINE PAYS
B3: SYMBOL | C3: 3 | D3: 4 | E3: 5 | F3: LinePay
B4: P1 | C4: 50 | D4: 200 | E4: 1000 | F4: TRUE | I4: Normal play
B5: P2 | C5: 20 | D5: 100 | E5: 500 | F5: TRUE | I5: TYPE | J5: RTP
B6: P3 | C6: 10 | D6: 50 | E6: 250 | F6: TRUE | I6: BASE line | J6: =Summary_calculations!C13 -> 0.52748575
B7: P4 | C7: 5 | D7: 25 | E7: 100 | F7: TRUE | I7: BASE bonus | J7: =Summary_calculations!C14 -> 0.10871435
B8: P5 | C8: 5 | D8: 25 | E8: 100 | F8: TRUE | I8: FREESPINS | J8: =Summary_calculations!C19 -> 0.32408664
B9: P6 | C9: 5 | D9: 25 | E9: 100 | F9: TRUE | I9: TOTAL | J9: =SUM(J6:J8) -> 0.96028674
B10: CP | C10: / | D10: / | E10: / | F10: FALSE
B11: WILD | C11: 0 | D11: 0 | E11: 0 | F11: FALSE
B12: SCAT | C12: 0 | D12: 0 | E12: 0 | F12: FALSE
E14: MULTIPLIER | F14: =C17 -> 20
B17: PAYLINES | C17: =COUNTIF(B18:B117,"<>") -> 20 | E17: REEL WINDOW | F17: Reels | G17: 5
B18: 11111 | F18: Rows | G18: 3
B19: 00000
B20: 22222
B21: 01210 | E21: CP options
B22: 21012 | E22: 0.2
B23: 00100 | E23: 0.5
B24: 22122 | E24: 1
B25: 12221 | E25: 2
B26: 10001 | E26: 3
B27: 01110 | E27: 5
B28: 21112 | E28: 10
B29: 01010 | E29: 25
B30: 21212 | E30: 50
B31: 10101 | E31: 100
B32: 12121
B33: 11011
B34: 11211
B35: 02020
B36: 20202
B37: 10201

Sheet Summary_calculations
C2: ReelSet0 | D2: ReelSet1
A3: =SUM(C3:M3) -> 365 | B3: Weight | C3: 250 | D3: 115
B4: Probability line | C4: =ReelSet0!U36*C$3/$A$3 -> 0.35831544 | D4: =ReelSet1!U36*D$3/$A$3 -> 0.19251084
B5: Probability freespins | C5: =ReelSet0!U37*C$3/$A$3 -> 0 | D5: =ReelSet1!U37*D$3/$A$3 -> 0.0084044204
B6: RTP line | C6: =ReelSet0!U38*C$3/$A$3 -> 0.33967024 | D6: =ReelSet1!U38*D$3/$A$3 -> 0.18781551
B7: RTP bonus | C7: =ReelSet0!U39*C$3/$A$3 -> 0.10817133 | D7: =ReelSet1!U39*D$3/$A$3 -> 0.0005430221
B8: RTP freespins | C8: =ReelSet0!U40*C$3/$A$3 -> 0.074839028 | D8: =ReelSet1!U40*D$3/$A$3 -> 0.24924761
B9: Total RTP | C9: =ReelSet0!U41*C$3/$A$3 -> 0.5226806 | D9: =ReelSet1!U41*D$3/$A$3 -> 0.43760614
B12: Probability base | C12: 1
B13: RTP line | C13: =SUM(C6:F6) -> 0.52748575
B14: RTP bonus | C14: =SUM(C7:F7) -> 0.10871435
B15: Base RTP | C15: =SUM(C13:C14)*C12 -> 0.6362001
B17: Probability trigger | C17: =SUM(C5:F5) -> 0.0084044204
B18: Probability hitrate | C18: =1/C17 -> 118.985
B19: Freespins RTP | C19: =SUM(C8:F8) -> 0.32408664
B21: RTP | C21: =C15+C19 -> 0.96028674

Sheet BaseBonus
C2: Bonus symbol pool
B3: Number of CP on window | C3: 0.5 | D3: 1 | E3: 2 | F3: 3 | G3: 5 | H3: 10 | I3: 15 | J3: 25 | K3: 50 | L3: 100 | M3: 250 | N3: 500 | O3: Average | P3: Awards | Q3: Payout
B4: 0 | C4: 0 | D4: 0 | E4: 0 | F4: 0 | G4: 0 | H4: 0 | I4: 0 | J4: 0 | K4: 0 | L4: 0 | M4: 0 | N4: 0 | O4: =SUMPRODUCT($C$3:$N$3,C4:N4)/SUM(C4:N4) -> #DIV/0! | P4: =B4*O4 -> #DIV/0! | Q4: =IF(B4>=$C$16,TRUE,FALSE) -> FALSE
B5: 1 | C5: 4000 | D5: 5000 | E5: 4500 | F5: 2750 | G5: 1250 | H5: 450 | I5: 100 | J5: 75 | K5: 50 | L5: 20 | M5: 10 | N5: 1 | O5: =SUMPRODUCT($C$3:$N$3,C5:N5)/SUM(C5:N5) -> 2.5197737 | P5: =B5*O5 -> 2.5197737 | Q5: =IF(B5>=$C$16,TRUE,FALSE) -> FALSE
B6: 2 | C6: 4000 | D6: 5000 | E6: 4500 | F6: 2750 | G6: 1250 | H6: 450 | I6: 100 | J6: 75 | K6: 50 | L6: 20 | M6: 10 | N6: 1 | O6: =SUMPRODUCT($C$3:$N$3,C6:N6)/SUM(C6:N6) -> 2.5197737 | P6: =B6*O6 -> 5.0395474 | Q6: =IF(B6>=$C$16,TRUE,FALSE) -> FALSE
B7: 3 | C7: 4500 | D7: 5000 | E7: 4500 | F7: 2750 | G7: 1250 | H7: 450 | I7: 100 | J7: 75 | K7: 50 | L7: 10 | M7: 5 | N7: 1 | O7: =SUMPRODUCT($C$3:$N$3,C7:N7)/SUM(C7:N7) -> 2.3473864 | P7: =B7*O7 -> 7.0421593 | Q7: =IF(B7>=$C$16,TRUE,FALSE) -> FALSE
B8: 4 | C8: 4500 | D8: 5000 | E8: 4500 | F8: 2750 | G8: 1250 | H8: 450 | I8: 100 | J8: 75 | K8: 50 | L8: 10 | M8: 5 | N8: 1 | O8: =SUMPRODUCT($C$3:$N$3,C8:N8)/SUM(C8:N8) -> 2.3473864 | P8: =B8*O8 -> 9.3895458 | Q8: =IF(B8>=$C$16,TRUE,FALSE) -> FALSE
B9: 5 | C9: 6500 | D9: 6500 | E9: 6000 | F9: 3500 | G9: 1500 | H9: 500 | I9: 100 | J9: 75 | K9: 30 | L9: 10 | M9: 5 | N9: 2 | O9: =SUMPRODUCT($C$3:$N$3,C9:N9)/SUM(C9:N9) -> 2.1387833 | P9: =B9*O9 -> 10.693916 | Q9: =IF(B9>=$C$16,TRUE,FALSE) -> TRUE
B10: 6 | C10: 6500 | D10: 6500 | E10: 6000 | F10: 3500 | G10: 1500 | H10: 500 | I10: 100 | J10: 75 | K10: 30 | L10: 10 | M10: 5 | N10: 2 | O10: =SUMPRODUCT($C$3:$N$3,C10:N10)/SUM(C10:N10) -> 2.1387833 | P10: =B10*O10 -> 12.8327 | Q10: =IF(B10>=$C$16,TRUE,FALSE) -> TRUE
B11: 7 | C11: 7250 | D11: 7250 | E11: 5500 | F11: 3000 | G11: 1000 | H11: 500 | I11: 100 | J11: 75 | K11: 30 | L11: 10 | M11: 2 | N11: 1 | O11: =SUMPRODUCT($C$3:$N$3,C11:N11)/SUM(C11:N11) -> 1.9317906 | P11: =B11*O11 -> 13.522534 | Q11: =IF(B11>=$C$16,TRUE,FALSE) -> TRUE
B12: 8 | C12: 7250 | D12: 7250 | E12: 5500 | F12: 3000 | G12: 1000 | H12: 500 | I12: 100 | J12: 75 | K12: 30 | L12: 10 | M12: 2 | N12: 1 | O12: =SUMPRODUCT($C$3:$N$3,C12:N12)/SUM(C12:N12) -> 1.9317906 | P12: =B12*O12 -> 15.454325 | Q12: =IF(B12>=$C$16,TRUE,FALSE) -> TRUE
B13: 9 | C13: 7250 | D13: 7250 | E13: 4750 | F13: 2250 | G13: 1000 | H13: 500 | I13: 100 | J13: 75 | K13: 20 | L13: 5 | M13: 1 | N13: 1 | O13: =SUMPRODUCT($C$3:$N$3,C13:N13)/SUM(C13:N13) -> 1.8425136 | P13: =B13*O13 -> 16.582622 | Q13: =IF(B13>=$C$16,TRUE,FALSE) -> TRUE
B14: 10 | C14: 7250 | D14: 7250 | E14: 4750 | F14: 2250 | G14: 1000 | H14: 500 | I14: 100 | J14: 75 | K14: 20 | L14: 5 | M14: 1 | N14: 1 | O14: =SUMPRODUCT($C$3:$N$3,C14:N14)/SUM(C14:N14) -> 1.8425136 | P14: =B14*O14 -> 18.425136 | Q14: =IF(B14>=$C$16,TRUE,FALSE) -> TRUE
B16: Bonus threshold | C16: 5
C20: Weight | D20: Probability | E20: RTP
B21: =Summary!E22 -> 0.2 | C21: 30000 | D21: =C21/SUM($C$21:$C$30) -> 0.55238446 | E21: =D21*B21 -> 0.11047689
B22: =Summary!E23 -> 0.5 | C22: 10000 | D22: =C22/SUM($C$21:$C$30) -> 0.18412815 | E22: =D22*B22 -> 0.092064077
B23: =Summary!E24 -> 1 | C23: 8000 | D23: =C23/SUM($C$21:$C$30) -> 0.14730252 | E23: =D23*B23 -> 0.14730252
B24: =Summary!E25 -> 2 | C24: 2500 | D24: =C24/SUM($C$21:$C$30) -> 0.046032038 | E24: =D24*B24 -> 0.092064077
B25: =Summary!E26 -> 3 | C25: 2000 | D25: =C25/SUM($C$21:$C$30) -> 0.036825631 | E25: =D25*B25 -> 0.11047689
B26: =Summary!E27 -> 5 | C26: 1000 | D26: =C26/SUM($C$21:$C$30) -> 0.018412815 | E26: =D26*B26 -> 0.092064077
B27: =Summary!E28 -> 10 | C27: 500 | D27: =C27/SUM($C$21:$C$30) -> 0.0092064077 | E27: =D27*B27 -> 0.092064077
B28: =Summary!E29 -> 25 | C28: 200 | D28: =C28/SUM($C$21:$C$30) -> 0.0036825631 | E28: =D28*B28 -> 0.092064077
B29: =Summary!E30 -> 50 | C29: 100 | D29: =C29/SUM($C$21:$C$30) -> 0.0018412815 | E29: =D29*B29 -> 0.092064077
B30: =Summary!E31 -> 100 | C30: 10 | D30: =C30/SUM($C$21:$C$30) -> 0.00018412815 | E30: =D30*B30 -> 0.018412815
E31: =SUM(E21:E30) -> 0.93905358

Sheet FreeSpinsBonus
C2: Bonus symbol pool
B3: Number of CP on window | C3: 0.5 | D3: 1 | E3: 2 | F3: 3 | G3: 5 | H3: 10 | I3: 15 | J3: 25 | K3: 50 | L3: 100 | M3: 250 | N3: 500 | O3: Average | P3: Awards | Q3: Payout
B4: 0 | C4: 0 | D4: 0 | E4: 0 | F4: 0 | G4: 0 | H4: 0 | I4: 0 | J4: 0 | K4: 0 | L4: 0 | M4: 0 | N4: 0 | O4: =SUMPRODUCT($C$3:$N$3,C4:N4)/SUM(C4:N4) -> #DIV/0! | P4: =B4*O4 -> #DIV/0! | Q4: =IF(B4>=$C$16,TRUE,FALSE) -> FALSE
B5: 1 | C5: 4000 | D5: 5000 | E5: 4500 | F5: 2750 | G5: 1250 | H5: 450 | I5: 100 | J5: 75 | K5: 50 | L5: 20 | M5: 10 | N5: 1 | O5: =SUMPRODUCT($C$3:$N$3,C5:N5)/SUM(C5:N5) -> 2.5197737 | P5: =B5*O5 -> 2.5197737 | Q5: =IF(B5>=$C$16,TRUE,FALSE) -> FALSE
B6: 2 | C6: 4000 | D6: 5000 | E6: 4500 | F6: 2750 | G6: 1250 | H6: 450 | I6: 100 | J6: 75 | K6: 50 | L6: 20 | M6: 10 | N6: 1 | O6: =SUMPRODUCT($C$3:$N$3,C6:N6)/SUM(C6:N6) -> 2.5197737 | P6: =B6*O6 -> 5.0395474 | Q6: =IF(B6>=$C$16,TRUE,FALSE) -> FALSE
B7: 3 | C7: 4500 | D7: 5000 | E7: 4500 | F7: 2750 | G7: 1250 | H7: 450 | I7: 100 | J7: 75 | K7: 50 | L7: 10 | M7: 5 | N7: 1 | O7: =SUMPRODUCT($C$3:$N$3,C7:N7)/SUM(C7:N7) -> 2.3473864 | P7: =B7*O7 -> 7.0421593 | Q7: =IF(B7>=$C$16,TRUE,FALSE) -> FALSE
B8: 4 | C8: 4500 | D8: 5000 | E8: 4500 | F8: 2750 | G8: 1250 | H8: 450 | I8: 100 | J8: 75 | K8: 50 | L8: 10 | M8: 5 | N8: 1 | O8: =SUMPRODUCT($C$3:$N$3,C8:N8)/SUM(C8:N8) -> 2.3473864 | P8: =B8*O8 -> 9.3895458 | Q8: =IF(B8>=$C$16,TRUE,FALSE) -> FALSE
B9: 5 | C9: 6500 | D9: 6500 | E9: 6000 | F9: 3500 | G9: 1500 | H9: 500 | I9: 100 | J9: 75 | K9: 30 | L9: 10 | M9: 5 | N9: 2 | O9: =SUMPRODUCT($C$3:$N$3,C9:N9)/SUM(C9:N9) -> 2.1387833 | P9: =B9*O9 -> 10.693916 | Q9: =IF(B9>=$C$16,TRUE,FALSE) -> TRUE
B10: 6 | C10: 6500 | D10: 6500 | E10: 6000 | F10: 3500 | G10: 1500 | H10: 500 | I10: 100 | J10: 75 | K10: 30 | L10: 10 | M10: 5 | N10: 2 | O10: =SUMPRODUCT($C$3:$N$3,C10:N10)/SUM(C10:N10) -> 2.1387833 | P10: =B10*O10 -> 12.8327 | Q10: =IF(B10>=$C$16,TRUE,FALSE) -> TRUE
B11: 7 | C11: 7250 | D11: 7250 | E11: 5500 | F11: 3000 | G11: 1000 | H11: 500 | I11: 100 | J11: 75 | K11: 30 | L11: 10 | M11: 2 | N11: 1 | O11: =SUMPRODUCT($C$3:$N$3,C11:N11)/SUM(C11:N11) -> 1.9317906 | P11: =B11*O11 -> 13.522534 | Q11: =IF(B11>=$C$16,TRUE,FALSE) -> TRUE
B12: 8 | C12: 7250 | D12: 7250 | E12: 5500 | F12: 3000 | G12: 1000 | H12: 500 | I12: 100 | J12: 75 | K12: 30 | L12: 10 | M12: 2 | N12: 1 | O12: =SUMPRODUCT($C$3:$N$3,C12:N12)/SUM(C12:N12) -> 1.9317906 | P12: =B12*O12 -> 15.454325 | Q12: =IF(B12>=$C$16,TRUE,FALSE) -> TRUE
B13: 9 | C13: 7250 | D13: 7250 | E13: 4750 | F13: 2250 | G13: 1000 | H13: 500 | I13: 100 | J13: 75 | K13: 20 | L13: 5 | M13: 1 | N13: 1 | O13: =SUMPRODUCT($C$3:$N$3,C13:N13)/SUM(C13:N13) -> 1.8425136 | P13: =B13*O13 -> 16.582622 | Q13: =IF(B13>=$C$16,TRUE,FALSE) -> TRUE
B14: 10 | C14: 7250 | D14: 7250 | E14: 4750 | F14: 2250 | G14: 1000 | H14: 500 | I14: 100 | J14: 75 | K14: 20 | L14: 5 | M14: 1 | N14: 1 | O14: =SUMPRODUCT($C$3:$N$3,C14:N14)/SUM(C14:N14) -> 1.8425136 | P14: =B14*O14 -> 18.425136 | Q14: =IF(B14>=$C$16,TRUE,FALSE) -> TRUE
B16: Bonus threshold | C16: 5
C20: Weight | D20: Probability | E20: RTP
B21: =Summary!E22 -> 0.2 | C21: 0 | D21: =C21/SUM($C$21:$C$30) -> 0 | E21: =D21*B21 -> 0
B22: =Summary!E23 -> 0.5 | C22: 20000 | D22: =C22/SUM($C$21:$C$30) -> 0.58292043 | E22: =D22*B22 -> 0.29146022
B23: =Summary!E24 -> 1 | C23: 8000 | D23: =C23/SUM($C$21:$C$30) -> 0.23316817 | E23: =D23*B23 -> 0.23316817
B24: =Summary!E25 -> 2 | C24: 2500 | D24: =C24/SUM($C$21:$C$30) -> 0.072865054 | E24: =D24*B24 -> 0.14573011
B25: =Summary!E26 -> 3 | C25: 2000 | D25: =C25/SUM($C$21:$C$30) -> 0.058292043 | E25: =D25*B25 -> 0.17487613
B26: =Summary!E27 -> 5 | C26: 1000 | D26: =C26/SUM($C$21:$C$30) -> 0.029146022 | E26: =D26*B26 -> 0.14573011
B27: =Summary!E28 -> 10 | C27: 500 | D27: =C27/SUM($C$21:$C$30) -> 0.014573011 | E27: =D27*B27 -> 0.14573011
B28: =Summary!E29 -> 25 | C28: 200 | D28: =C28/SUM($C$21:$C$30) -> 0.0058292043 | E28: =D28*B28 -> 0.14573011
B29: =Summary!E30 -> 50 | C29: 100 | D29: =C29/SUM($C$21:$C$30) -> 0.0029146022 | E29: =D29*B29 -> 0.14573011
B30: =Summary!E31 -> 100 | C30: 10 | D30: =C30/SUM($C$21:$C$30) -> 0.00029146022 | E30: =D30*B30 -> 0.029146022
E31: =SUM(E21:E30) -> 1.4573011

Sheet ReelSet0
A1: [ "P3", "P4", "SCAT", "P6", "P3", "P3", "SCAT", "P2", "P4", "P5", "P5", "P4", "P5", "SCAT", "P6", "P6", "P5", "P3", "P5", "P4", "SCAT", "P6", "P3", "P6", "P3", "P4", "P5", "CP", "CP", "P2", "SCAT", "P6", "P5", "CP", "CP", "P6", "P3", "P4", "P3", "P3", "CP", "P4", "P2", "P5", "P6", "CP", "P5", "P6", "P2", "P4", "P3", "P6", "P4", "P5", "P2", "P4", "P1", "P6", "P6", "P4", "P2", "P2", "P1", "P4", "P1", "P5", "P1", "P1", "P5", "P1", "P4", "P6", "P3", "P2", "P1", "P5", "P6", "P2", "CP", "CP", "P5", "P4", "P1" ],
A2: [ "P6", "P5", "P4", "P3", "P4", "P6", "P6", "CP", "P5", "P3", "P4", "P6", "WILD", "P5", "P3", "P5", "CP", "P6", "P5", "P3", "WILD", "P4", "P5", "P2", "P5", "P3", "P4", "P4", "P5", "P1", "P3", "P5", "P2", "P4", "P6", "P6", "P4", "P2", "CP", "P5", "P2", "P6", "P2", "P3", "P5", "P1", "P3", "P1", "CP", "P6", "CP", "P3", "P4", "P6", "P2", "P3", "P2", "P3", "P6", "P4", "P3", "P2", "P1", "P5", "P2", "P4", "P2", "P5", "P1", "P4", "P4", "P1", "CP", "CP", "P6", "P4", "P6", "CP", "P4" ],
A3: [ "P5", "P3", "CP", "CP", "P6", "CP", "P6", "P3", "WILD", "P5", "P4", "P6", "P6", "P2", "P5", "P1", "SCAT", "P6", "P5", "P5", "P6", "P4", "SCAT", "P3", "P5", "P2", "P6", "SCAT", "CP", "CP", "P2", "WILD", "P4", "P6", "P5", "P1", "P4", "P5", "P6", "P6", "CP", "CP", "P3", "P2", "P5", "SCAT", "P3", "P6", "P2", "WILD", "P3", "P2", "P6", "P6", "P4", "CP", "P2", "P5", "P1", "SCAT", "P3", "P4", "P6", "P1", "CP", "CP", "P4", "P6", "P4", "P1", "P6", "P5", "P2", "P4", "P4", "P5", "P1", "P3", "P4", "CP", "CP", "P5", "P1", "P3", "P4", "P3" ],
A4: [ "P6", "P5", "P4", "WILD", "P3", "P3", "P6", "P2", "CP", "CP", "P5", "P6", "P6", "P3", "P4", "P6", "P5", "P3", "P5","P2", "P5", "P3", "P4", "P5", "P6", "P5", "P1", "WILD", "P4", "P4", "P5", "P3", "P1", "P5", "P6", "P4", "P4", "P6", "CP", "P5", "P2", "P2", "P3", "P5", "P3", "P3", "P1", "CP", "CP", "P3", "P4", "P6", "P2", "P3", "P2", "P3", "P6", "P4", "P3", "P2", "P1", "P5", "P2", "P4", "P2", "P5", "P1", "P4", "P4", "P1", "P6", "P4", "P6", "CP", "CP", "P4" ],
A5: [ "P6", "P6", "P5", "P3", "WILD", "P6", "P1", "P6", "P5", "P4", "P2", "P5", "WILD", "P6", "P1", "P5", "P5", "P6", "P4", "P3", "P5", "P2", "SCAT", "CP", "CP", "P6", "P6", "P2", "P4", "P5", "P1", "P4", "P5", "CP", "WILD", "P6", "CP", "P3", "P2", "P5", "P3", "SCAT", "P2", "P3", "P2", "WILD", "P4", "P2", "SCAT", "P5", "P1", "P3", "P4", "P6", "P1", "CP", "CP", "P4", "P6", "P4", "P1", "P6", "P5", "P2", "P4", "P4", "P5", "P1", "P3", "P4", "CP", "CP", "P5", "P1", "P3", "P4", "P3" ]
A7: =SUBSTITUTE(SUBSTITUTE(SUBSTITUTE(SUBSTITUTE(SUBSTITUTE(A1, " ",""), """", ""), "[", ""), "],",""), "]","") -> P3,P4,SCAT,P6,P3,P3,SCAT,P2,P4,P5,P5,P4,P5,SCAT,P6,P6,P5,P3,P5,P4,SCAT,P6,P3,P6,P3,P4,P5,CP,CP,P2,SCAT,P6,P5,CP,CP,P6,P3,P4,P3,P3,CP,P4,P2,P5,P6,CP,P5,P6,P2,P4,P3,P6,P4,P5,P2,P4,P1,P6,P6,P4,P2,P2,P1,P4,P1,P5,P1,P1,P5,P1,P4,P6,P3,P2,P1,P5,P6,P2,CP,CP,P5,P4,P1
A8: =SUBSTITUTE(SUBSTITUTE(SUBSTITUTE(SUBSTITUTE(SUBSTITUTE(A2, " ",""), """", ""), "[", ""), "],",""), "]","") -> P6,P5,P4,P3,P4,P6,P6,CP,P5,P3,P4,P6,WILD,P5,P3,P5,CP,P6,P5,P3,WILD,P4,P5,P2,P5,P3,P4,P4,P5,P1,P3,P5,P2,P4,P6,P6,P4,P2,CP,P5,P2,P6,P2,P3,P5,P1,P3,P1,CP,P6,CP,P3,P4,P6,P2,P3,P2,P3,P6,P4,P3,P2,P1,P5,P2,P4,P2,P5,P1,P4,P4,P1,CP,CP,P6,P4,P6,CP,P4
A9: =SUBSTITUTE(SUBSTITUTE(SUBSTITUTE(SUBSTITUTE(SUBSTITUTE(A3, " ",""), """", ""), "[", ""), "],",""), "]","") -> P5,P3,CP,CP,P6,CP,P6,P3,WILD,P5,P4,P6,P6,P2,P5,P1,SCAT,P6,P5,P5,P6,P4,SCAT,P3,P5,P2,P6,SCAT,CP,CP,P2,WILD,P4,P6,P5,P1,P4,P5,P6,P6,CP,CP,P3,P2,P5,SCAT,P3,P6,P2,WILD,P3,P2,P6,P6,P4,CP,P2,P5,P1,SCAT,P3,P4,P6,P1,CP,CP,P4,P6,P4,P1,P6,P5,P2,P4,P4,P5,P1,P3,P4,CP,CP,P5,P1,P3,P4,P3
A10: =SUBSTITUTE(SUBSTITUTE(SUBSTITUTE(SUBSTITUTE(SUBSTITUTE(A4, " ",""), """", ""), "[", ""), "],",""), "]","") -> P6,P5,P4,WILD,P3,P3,P6,P2,CP,CP,P5,P6,P6,P3,P4,P6,P5,P3,P5,P2,P5,P3,P4,P5,P6,P5,P1,WILD,P4,P4,P5,P3,P1,P5,P6,P4,P4,P6,CP,P5,P2,P2,P3,P5,P3,P3,P1,CP,CP,P3,P4,P6,P2,P3,P2,P3,P6,P4,P3,P2,P1,P5,P2,P4,P2,P5,P1,P4,P4,P1,P6,P4,P6,CP,CP,P4
A11: =SUBSTITUTE(SUBSTITUTE(SUBSTITUTE(SUBSTITUTE(SUBSTITUTE(A5, " ",""), """", ""), "[", ""), "],",""), "]","") -> P6,P6,P5,P3,WILD,P6,P1,P6,P5,P4,P2,P5,WILD,P6,P1,P5,P5,P6,P4,P3,P5,P2,SCAT,CP,CP,P6,P6,P2,P4,P5,P1,P4,P5,CP,WILD,P6,CP,P3,P2,P5,P3,SCAT,P2,P3,P2,WILD,P4,P2,SCAT,P5,P1,P3,P4,P6,P1,CP,CP,P4,P6,P4,P1,P6,P5,P2,P4,P4,P5,P1,P3,P4,CP,CP,P5,P1,P3,P4,P3
H13: cyclic reelset
G14: count | H14: =ROWS(TRANSPOSE(_xlfn.TEXTSPLIT(A7, ","))) -> 83 | I14: =ROWS(TRANSPOSE(_xlfn.TEXTSPLIT(A8, ","))) -> 79 | J14: =ROWS(TRANSPOSE(_xlfn.TEXTSPLIT(A9, ","))) -> 86 | K14: =ROWS(TRANSPOSE(_xlfn.TEXTSPLIT(A10, ","))) -> 76 | L14: =ROWS(TRANSPOSE(_xlfn.TEXTSPLIT(A11, ","))) -> 77
G15: start row | H15: =ROW(A18) -> 18 | I15: =ROW(B18) -> 18 | J15: =ROW(C18) -> 18 | K15: =ROW(D18) -> 18 | L15: =ROW(E18) -> 18 | N15: number of CashPrize per position
G16: height | H16: 3 | I16: 3 | J16: 3 | K16: 3 | L16: 3
A17: Reel 1 | B17: Reel 2 | C17: Reel 3 | D17: Reel 4 | E17: Reel 5 | H17: =A17 -> Reel 1 | I17: =B17 -> Reel 2 | J17: =C17 -> Reel 3 | K17: =D17 -> Reel 4 | L17: =E17 -> Reel 5 | N17: =H17 -> Reel 1 | O17: =I17 -> Reel 2 | P17: =J17 -> Reel 3 | Q17: =K17 -> Reel 4 | R17: =L17 -> Reel 5 | T17: Symbol | U17: Reel 1 | V17: Reel 2 | W17: Reel 3 | X17: Reel 4 | Y17: Reel 5 | AB17: Symbol | AC17: Occurs | AD17: Reel 1 | AE17: Reel 2 | AF17: Reel 3 | AG17: Reel 4 | AH17: Reel 5 | AI17: Hits | AJ17: Probability | AK17: 1 in | AL17: Awards | AM17: RTP % | AN17: Simulated | AO17: Diff | AR17: Line pays matrix
A18: {=TRANSPOSE(_xlfn.TEXTSPLIT(A7, ","))} -> P3 | B18: {=TRANSPOSE(_xlfn.TEXTSPLIT(A8, ","))} -> P6 | C18: {=TRANSPOSE(_xlfn.TEXTSPLIT(A9, ","))} -> P5 | D18: {=TRANSPOSE(_xlfn.TEXTSPLIT(A10, ","))} -> P6 | E18: {=TRANSPOSE(_xlfn.TEXTSPLIT(A11, ","))} -> P6 | H18: {=IF(ROW(A18)-H$15 < H$14,A18,IF(ROW(A18) - H$15 -H$16 + 1 < H$14,INDIRECT(ADDRESS(MOD(ROW(A18) - H$15, H$14) + H$15, COLUMN(A18))),""))} -> P3 | I18: {=IF(ROW(B18)-I$15 < I$14,B18,IF(ROW(B18) - I$15 -I$16 + 1 < I$14,INDIRECT(ADDRESS(MOD(ROW(B18) - I$15, I$14) + I$15, COLUMN(B18))),""))} -> P6 | J18: {=IF(ROW(C18)-J$15 < J$14,C18,IF(ROW(C18) - J$15 -J$16 + 1 < J$14,INDIRECT(ADDRESS(MOD(ROW(C18) - J$15, J$14) + J$15, COLUMN(C18))),""))} -> P5 | K18: {=IF(ROW(D18)-K$15 < K$14,D18,IF(ROW(D18) - K$15 -K$16 + 1 < K$14,INDIRECT(ADDRESS(MOD(ROW(D18) - K$15, K$14) + K$15, COLUMN(D18))),""))} -> P6 | L18: {=IF(ROW(E18)-L$15 < L$14,E18,IF(ROW(E18) - L$15 -L$16 + 1 < L$14,INDIRECT(ADDRESS(MOD(ROW(E18) - L$15, L$14) + L$15, COLUMN(E18))),""))} -> P6 | N18: {=IF(H18<>"", SUMPRODUCT((OFFSET(H18,0,0,H$16,1)=$T$24) +0),"")} -> 0 | O18: {=IF(I18<>"", SUMPRODUCT((OFFSET(I18,0,0,I$16,1)=$T$24) +0),"")} -> 0 | P18: {=IF(J18<>"", SUMPRODUCT((OFFSET(J18,0,0,J$16,1)=$T$24) +0),"")} -> 1 | Q18: {=IF(K18<>"", SUMPRODUCT((OFFSET(K18,0,0,K$16,1)=$T$24) +0),"")} -> 0 | R18: {=IF(L18<>"", SUMPRODUCT((OFFSET(L18,0,0,L$16,1)=$T$24) +0),"")} -> 0 | T18: =Summary!B4 -> P1 | U18: =COUNTIF(A$18:A$254,$T18) -> 8 | V18: =COUNTIF(B$18:B$254,$T18) -> 6 | W18: =COUNTIF(C$18:C$254,$T18) -> 7 | X18: =COUNTIF(D$18:D$254,$T18) -> 6 | Y18: =COUNTIF(E$18:E$254,$T18) -> 8 | AB18: =T18 -> P1 | AC18: 5 | AD18: =IF(_xlfn.XLOOKUP($AC18,$AR$18:$AR$22,AS$18:AS$22)=1, _xlfn.XLOOKUP($AB18,$T$18:$T$26,U$18:U$26)+U$25, IF(_xlfn.XLOOKUP($AC18,$AR$18:$AR$22,AS$18:AS$22)=0, U$27-(_xlfn.XLOOKUP($AB18,$T$18:$T$26,U$18:U$26)+U$25), U$27)) -> 8 | AE18: =IF(_xlfn.XLOOKUP($AC18,$AR$18:$AR$22,AT$18:AT$22)=1, _xlfn.XLOOKUP($AB18,$T$18:$T$26,V$18:V$26)+V$25, IF(_xlfn.XLOOKUP($AC18,$AR$18:$AR$22,AT$18:AT$22)=0, V$27-(_xlfn.XLOOKUP($AB18,$T$18:$T$26,V$18:V$26)+V$25), V$27)) -> 8 | AF18: =IF(_xlfn.XLOOKUP($AC18,$AR$18:$AR$22,AU$18:AU$22)=1, _xlfn.XLOOKUP($AB18,$T$18:$T$26,W$18:W$26)+W$25, IF(_xlfn.XLOOKUP($AC18,$AR$18:$AR$22,AU$18:AU$22)=0, W$27-(_xlfn.XLOOKUP($AB18,$T$18:$T$26,W$18:W$26)+W$25), W$27)) -> 10 | AG18: =IF(_xlfn.XLOOKUP($AC18,$AR$18:$AR$22,AV$18:AV$22)=1, _xlfn.XLOOKUP($AB18,$T$18:$T$26,X$18:X$26)+X$25, IF(_xlfn.XLOOKUP($AC18,$AR$18:$AR$22,AV$18:AV$22)=0, X$27-(_xlfn.XLOOKUP($AB18,$T$18:$T$26,X$18:X$26)+X$25), X$27)) -> 8 | AH18: =IF(_xlfn.XLOOKUP($AC18,$AR$18:$AR$22,AW$18:AW$22)=1, _xlfn.XLOOKUP($AB18,$T$18:$T$26,Y$18:Y$26)+Y$25, IF(_xlfn.XLOOKUP($AC18,$AR$18:$AR$22,AW$18:AW$22)=0, Y$27-(_xlfn.XLOOKUP($AB18,$T$18:$T$26,Y$18:Y$26)+Y$25), Y$27)) -> 12 | AI18: =PRODUCT(AD18:AH18) -> 61440 | AJ18: =AI18/$U$28 -> 1.8618439e-05 | AK18: =1/AJ18 -> 53710.197 | AL18: =IFERROR(INDEX(Summary!$C$4:$E$9, MATCH($AB18, Summary!$B$4:$B$9, 0), MATCH($AC18, Summary!$C$3:$E$3, 0)), 0) -> 1000 | AM18: =SUM(AJ18*AL18,AJ19*AL19,AJ20*AL20) -> 0.089562447 | AN18: 0.044904242 | AO18: =AM18-AN18 -> 0.044658205 | AR18: 5 | AS18: 1 | AT18: 1 | AU18: 1 | AV18: 1 | AW18: 1
A19: P4 | B19: P5 | C19: P3 | D19: P5 | E19: P6 | H19: {=IF(ROW(A19)-H$15 < H$14,A19,IF(ROW(A19) - H$15 -H$16 + 1 < H$14,INDIRECT(ADDRESS(MOD(ROW(A19) - H$15, H$14) + H$15, COLUMN(A19))),""))} -> P4 | I19: {=IF(ROW(B19)-I$15 < I$14,B19,IF(ROW(B19) - I$15 -I$16 + 1 < I$14,INDIRECT(ADDRESS(MOD(ROW(B19) - I$15, I$14) + I$15, COLUMN(B19))),""))} -> P5 | J19: {=IF(ROW(C19)-J$15 < J$14,C19,IF(ROW(C19) - J$15 -J$16 + 1 < J$14,INDIRECT(ADDRESS(MOD(ROW(C19) - J$15, J$14) + J$15, COLUMN(C19))),""))} -> P3 | K19: {=IF(ROW(D19)-K$15 < K$14,D19,IF(ROW(D19) - K$15 -K$16 + 1 < K$14,INDIRECT(ADDRESS(MOD(ROW(D19) - K$15, K$14) + K$15, COLUMN(D19))),""))} -> P5 | L19: {=IF(ROW(E19)-L$15 < L$14,E19,IF(ROW(E19) - L$15 -L$16 + 1 < L$14,INDIRECT(ADDRESS(MOD(ROW(E19) - L$15, L$14) + L$15, COLUMN(E19))),""))} -> P6 | N19: {=IF(H19<>"", SUMPRODUCT((OFFSET(H19,0,0,H$16,1)=$T$24) +0),"")} -> 0 | O19: {=IF(I19<>"", SUMPRODUCT((OFFSET(I19,0,0,I$16,1)=$T$24) +0),"")} -> 0 | P19: {=IF(J19<>"", SUMPRODUCT((OFFSET(J19,0,0,J$16,1)=$T$24) +0),"")} -> 2 | Q19: {=IF(K19<>"", SUMPRODUCT((OFFSET(K19,0,0,K$16,1)=$T$24) +0),"")} -> 0 | R19: {=IF(L19<>"", SUMPRODUCT((OFFSET(L19,0,0,L$16,1)=$T$24) +0),"")} -> 0 | T19: =Summary!B5 -> P2 | U19: =COUNTIF(A$18:A$254,$T19) -> 9 | V19: =COUNTIF(B$18:B$254,$T19) -> 10 | W19: =COUNTIF(C$18:C$254,$T19) -> 8 | X19: =COUNTIF(D$18:D$254,$T19) -> 9 | Y19: =COUNTIF(E$18:E$254,$T19) -> 8 | AB19: =T18 -> P1 | AC19: 4 | AD19: =IF(_xlfn.XLOOKUP($AC19,$AR$18:$AR$22,AS$18:AS$22)=1, _xlfn.XLOOKUP($AB19,$T$18:$T$26,U$18:U$26)+U$25, IF(_xlfn.XLOOKUP($AC19,$AR$18:$AR$22,AS$18:AS$22)=0, U$27-(_xlfn.XLOOKUP($AB19,$T$18:$T$26,U$18:U$26)+U$25), U$27)) -> 8 | AE19: =IF(_xlfn.XLOOKUP($AC19,$AR$18:$AR$22,AT$18:AT$22)=1, _xlfn.XLOOKUP($AB19,$T$18:$T$26,V$18:V$26)+V$25, IF(_xlfn.XLOOKUP($AC19,$AR$18:$AR$22,AT$18:AT$22)=0, V$27-(_xlfn.XLOOKUP($AB19,$T$18:$T$26,V$18:V$26)+V$25), V$27)) -> 8 | AF19: =IF(_xlfn.XLOOKUP($AC19,$AR$18:$AR$22,AU$18:AU$22)=1, _xlfn.XLOOKUP($AB19,$T$18:$T$26,W$18:W$26)+W$25, IF(_xlfn.XLOOKUP($AC19,$AR$18:$AR$22,AU$18:AU$22)=0, W$27-(_xlfn.XLOOKUP($AB19,$T$18:$T$26,W$18:W$26)+W$25), W$27)) -> 10 | AG19: =IF(_xlfn.XLOOKUP($AC19,$AR$18:$AR$22,AV$18:AV$22)=1, _xlfn.XLOOKUP($AB19,$T$18:$T$26,X$18:X$26)+X$25, IF(_xlfn.XLOOKUP($AC19,$AR$18:$AR$22,AV$18:AV$22)=0, X$27-(_xlfn.XLOOKUP($AB19,$T$18:$T$26,X$18:X$26)+X$25), X$27)) -> 8 | AH19: =IF(_xlfn.XLOOKUP($AC19,$AR$18:$AR$22,AW$18:AW$22)=1, _xlfn.XLOOKUP($AB19,$T$18:$T$26,Y$18:Y$26)+Y$25, IF(_xlfn.XLOOKUP($AC19,$AR$18:$AR$22,AW$18:AW$22)=0, Y$27-(_xlfn.XLOOKUP($AB19,$T$18:$T$26,Y$18:Y$26)+Y$25), Y$27)) -> 65 | AI19: =PRODUCT(AD19:AH19) -> 332800 | AJ19: =AI19/$U$28 -> 0.00010084988 | AK19: =1/AJ19 -> 9915.7287 | AL19: =IFERROR(INDEX(Summary!$C$4:$E$9, MATCH($AB19, Summary!$B$4:$B$9, 0), MATCH($AC19, Summary!$C$3:$E$3, 0)), 0) -> 200 | AR19: 4 | AS19: 1 | AT19: 1 | AU19: 1 | AV19: 1 | AW19: 0
A20: SCAT | B20: P4 | C20: CP | D20: P4 | E20: P5 | H20: {=IF(ROW(A20)-H$15 < H$14,A20,IF(ROW(A20) - H$15 -H$16 + 1 < H$14,INDIRECT(ADDRESS(MOD(ROW(A20) - H$15, H$14) + H$15, COLUMN(A20))),""))} -> SCAT | I20: {=IF(ROW(B20)-I$15 < I$14,B20,IF(ROW(B20) - I$15 -I$16 + 1 < I$14,INDIRECT(ADDRESS(MOD(ROW(B20) - I$15, I$14) + I$15, COLUMN(B20))),""))} -> P4 | J20: {=IF(ROW(C20)-J$15 < J$14,C20,IF(ROW(C20) - J$15 -J$16 + 1 < J$14,INDIRECT(ADDRESS(MOD(ROW(C20) - J$15, J$14) + J$15, COLUMN(C20))),""))} -> CP | K20: {=IF(ROW(D20)-K$15 < K$14,D20,IF(ROW(D20) - K$15 -K$16 + 1 < K$14,INDIRECT(ADDRESS(MOD(ROW(D20) - K$15, K$14) + K$15, COLUMN(D20))),""))} -> P4 | L20: {=IF(ROW(E20)-L$15 < L$14,E20,IF(ROW(E20) - L$15 -L$16 + 1 < L$14,INDIRECT(ADDRESS(MOD(ROW(E20) - L$15, L$14) + L$15, COLUMN(E20))),""))} -> P5 | N20: {=IF(H20<>"", SUMPRODUCT((OFFSET(H20,0,0,H$16,1)=$T$24) +0),"")} -> 0 | O20: {=IF(I20<>"", SUMPRODUCT((OFFSET(I20,0,0,I$16,1)=$T$24) +0),"")} -> 0 | P20: {=IF(J20<>"", SUMPRODUCT((OFFSET(J20,0,0,J$16,1)=$T$24) +0),"")} -> 2 | Q20: {=IF(K20<>"", SUMPRODUCT((OFFSET(K20,0,0,K$16,1)=$T$24) +0),"")} -> 0 | R20: {=IF(L20<>"", SUMPRODUCT((OFFSET(L20,0,0,L$16,1)=$T$24) +0),"")} -> 0 | T20: =Summary!B6 -> P3 | U20: =COUNTIF(A$18:A$254,$T20) -> 11 | V20: =COUNTIF(B$18:B$254,$T20) -> 12 | W20: =COUNTIF(C$18:C$254,$T20) -> 10 | X20: =COUNTIF(D$18:D$254,$T20) -> 13 | Y20: =COUNTIF(E$18:E$254,$T20) -> 9 | AB20: =T18 -> P1 | AC20: 3 | AD20: =IF(_xlfn.XLOOKUP($AC20,$AR$18:$AR$22,AS$18:AS$22)=1, _xlfn.XLOOKUP($AB20,$T$18:$T$26,U$18:U$26)+U$25, IF(_xlfn.XLOOKUP($AC20,$AR$18:$AR$22,AS$18:AS$22)=0, U$27-(_xlfn.XLOOKUP($AB20,$T$18:$T$26,U$18:U$26)+U$25), U$27)) -> 8 | AE20: =IF(_xlfn.XLOOKUP($AC20,$AR$18:$AR$22,AT$18:AT$22)=1, _xlfn.XLOOKUP($AB20,$T$18:$T$26,V$18:V$26)+V$25, IF(_xlfn.XLOOKUP($AC20,$AR$18:$AR$22,AT$18:AT$22)=0, V$27-(_xlfn.XLOOKUP($AB20,$T$18:$T$26,V$18:V$26)+V$25), V$27)) -> 8 | AF20: =IF(_xlfn.XLOOKUP($AC20,$AR$18:$AR$22,AU$18:AU$22)=1, _xlfn.XLOOKUP($AB20,$T$18:$T$26,W$18:W$26)+W$25, IF(_xlfn.XLOOKUP($AC20,$AR$18:$AR$22,AU$18:AU$22)=0, W$27-(_xlfn.XLOOKUP($AB20,$T$18:$T$26,W$18:W$26)+W$25), W$27)) -> 10 | AG20: =IF(_xlfn.XLOOKUP($AC20,$AR$18:$AR$22,AV$18:AV$22)=1, _xlfn.XLOOKUP($AB20,$T$18:$T$26,X$18:X$26)+X$25, IF(_xlfn.XLOOKUP($AC20,$AR$18:$AR$22,AV$18:AV$22)=0, X$27-(_xlfn.XLOOKUP($AB20,$T$18:$T$26,X$18:X$26)+X$25), X$27)) -> 68 | AH20: =IF(_xlfn.XLOOKUP($AC20,$AR$18:$AR$22,AW$18:AW$22)=1, _xlfn.XLOOKUP($AB20,$T$18:$T$26,Y$18:Y$26)+Y$25, IF(_xlfn.XLOOKUP($AC20,$AR$18:$AR$22,AW$18:AW$22)=0, Y$27-(_xlfn.XLOOKUP($AB20,$T$18:$T$26,Y$18:Y$26)+Y$25), Y$27)) -> 77 | AI20: =PRODUCT(AD20:AH20) -> 3351040 | AJ20: =AI20/$U$28 -> 0.0010154807 | AK20: =1/AJ20 -> 984.75533 | AL20: =IFERROR(INDEX(Summary!$C$4:$E$9, MATCH($AB20, Summary!$B$4:$B$9, 0), MATCH($AC20, Summary!$C$3:$E$3, 0)), 0) -> 50 | AR20: 3 | AS20: 1 | AT20: 1 | AU20: 1 | AV20: 0 | AW20: -1
A21: P6 | B21: P3 | C21: CP | D21: WILD | E21: P3 | H21: {=IF(ROW(A21)-H$15 < H$14,A21,IF(ROW(A21) - H$15 -H$16 + 1 < H$14,INDIRECT(ADDRESS(MOD(ROW(A21) - H$15, H$14) + H$15, COLUMN(A21))),""))} -> P6 | I21: {=IF(ROW(B21)-I$15 < I$14,B21,IF(ROW(B21) - I$15 -I$16 + 1 < I$14,INDIRECT(ADDRESS(MOD(ROW(B21) - I$15, I$14) + I$15, COLUMN(B21))),""))} -> P3 | J21: {=IF(ROW(C21)-J$15 < J$14,C21,IF(ROW(C21) - J$15 -J$16 + 1 < J$14,INDIRECT(ADDRESS(MOD(ROW(C21) - J$15, J$14) + J$15, COLUMN(C21))),""))} -> CP | K21: {=IF(ROW(D21)-K$15 < K$14,D21,IF(ROW(D21) - K$15 -K$16 + 1 < K$14,INDIRECT(ADDRESS(MOD(ROW(D21) - K$15, K$14) + K$15, COLUMN(D21))),""))} -> WILD | L21: {=IF(ROW(E21)-L$15 < L$14,E21,IF(ROW(E21) - L$15 -L$16 + 1 < L$14,INDIRECT(ADDRESS(MOD(ROW(E21) - L$15, L$14) + L$15, COLUMN(E21))),""))} -> P3 | N21: {=IF(H21<>"", SUMPRODUCT((OFFSET(H21,0,0,H$16,1)=$T$24) +0),"")} -> 0 | O21: {=IF(I21<>"", SUMPRODUCT((OFFSET(I21,0,0,I$16,1)=$T$24) +0),"")} -> 0 | P21: {=IF(J21<>"", SUMPRODUCT((OFFSET(J21,0,0,J$16,1)=$T$24) +0),"")} -> 2 | Q21: {=IF(K21<>"", SUMPRODUCT((OFFSET(K21,0,0,K$16,1)=$T$24) +0),"")} -> 0 | R21: {=IF(L21<>"", SUMPRODUCT((OFFSET(L21,0,0,L$16,1)=$T$24) +0),"")} -> 0 | T21: =Summary!B7 -> P4 | U21: =COUNTIF(A$18:A$254,$T21) -> 14 | V21: =COUNTIF(B$18:B$254,$T21) -> 15 | W21: =COUNTIF(C$18:C$254,$T21) -> 12 | X21: =COUNTIF(D$18:D$254,$T21) -> 14 | Y21: =COUNTIF(E$18:E$254,$T21) -> 12 | AB21: =T19 -> P2 | AC21: 5 | AD21: =IF(_xlfn.XLOOKUP($AC21,$AR$18:$AR$22,AS$18:AS$22)=1, _xlfn.XLOOKUP($AB21,$T$18:$T$26,U$18:U$26)+U$25, IF(_xlfn.XLOOKUP($AC21,$AR$18:$AR$22,AS$18:AS$22)=0, U$27-(_xlfn.XLOOKUP($AB21,$T$18:$T$26,U$18:U$26)+U$25), U$27)) -> 9 | AE21: =IF(_xlfn.XLOOKUP($AC21,$AR$18:$AR$22,AT$18:AT$22)=1, _xlfn.XLOOKUP($AB21,$T$18:$T$26,V$18:V$26)+V$25, IF(_xlfn.XLOOKUP($AC21,$AR$18:$AR$22,AT$18:AT$22)=0, V$27-(_xlfn.XLOOKUP($AB21,$T$18:$T$26,V$18:V$26)+V$25), V$27)) -> 12 | AF21: =IF(_xlfn.XLOOKUP($AC21,$AR$18:$AR$22,AU$18:AU$22)=1, _xlfn.XLOOKUP($AB21,$T$18:$T$26,W$18:W$26)+W$25, IF(_xlfn.XLOOKUP($AC21,$AR$18:$AR$22,AU$18:AU$22)=0, W$27-(_xlfn.XLOOKUP($AB21,$T$18:$T$26,W$18:W$26)+W$25), W$27)) -> 11 | AG21: =IF(_xlfn.XLOOKUP($AC21,$AR$18:$AR$22,AV$18:AV$22)=1, _xlfn.XLOOKUP($AB21,$T$18:$T$26,X$18:X$26)+X$25, IF(_xlfn.XLOOKUP($AC21,$AR$18:$AR$22,AV$18:AV$22)=0, X$27-(_xlfn.XLOOKUP($AB21,$T$18:$T$26,X$18:X$26)+X$25), X$27)) -> 11 | AH21: =IF(_xlfn.XLOOKUP($AC21,$AR$18:$AR$22,AW$18:AW$22)=1, _xlfn.XLOOKUP($AB21,$T$18:$T$26,Y$18:Y$26)+Y$25, IF(_xlfn.XLOOKUP($AC21,$AR$18:$AR$22,AW$18:AW$22)=0, Y$27-(_xlfn.XLOOKUP($AB21,$T$18:$T$26,Y$18:Y$26)+Y$25), Y$27)) -> 12 | AI21: =PRODUCT(AD21:AH21) -> 156816 | AJ21: =AI21/$U$28 -> 4.7520655e-05 | AK21: =1/AJ21 -> 21043.481 | AL21: =IFERROR(INDEX(Summary!$C$4:$E$9, MATCH($AB21, Summary!$B$4:$B$9, 0), MATCH($AC21, Summary!$C$3:$E$3, 0)), 0) -> 500 | AM21: =SUM(AJ21*AL21,AJ22*AL22,AJ23*AL23) -> 0.085537179 | AN21: 0.092205119 | AO21: 1.0467552
A22: P3 | B22: P4 | C22: P6 | D22: P3 | E22: WILD | H22: {=IF(ROW(A22)-H$15 < H$14,A22,IF(ROW(A22) - H$15 -H$16 + 1 < H$14,INDIRECT(ADDRESS(MOD(ROW(A22) - H$15, H$14) + H$15, COLUMN(A22))),""))} -> P3 | I22: {=IF(ROW(B22)-I$15 < I$14,B22,IF(ROW(B22) - I$15 -I$16 + 1 < I$14,INDIRECT(ADDRESS(MOD(ROW(B22) - I$15, I$14) + I$15, COLUMN(B22))),""))} -> P4 | J22: {=IF(ROW(C22)-J$15 < J$14,C22,IF(ROW(C22) - J$15 -J$16 + 1 < J$14,INDIRECT(ADDRESS(MOD(ROW(C22) - J$15, J$14) + J$15, COLUMN(C22))),""))} -> P6 | K22: {=IF(ROW(D22)-K$15 < K$14,D22,IF(ROW(D22) - K$15 -K$16 + 1 < K$14,INDIRECT(ADDRESS(MOD(ROW(D22) - K$15, K$14) + K$15, COLUMN(D22))),""))} -> P3 | L22: {=IF(ROW(E22)-L$15 < L$14,E22,IF(ROW(E22) - L$15 -L$16 + 1 < L$14,INDIRECT(ADDRESS(MOD(ROW(E22) - L$15, L$14) + L$15, COLUMN(E22))),""))} -> WILD | N22: {=IF(H22<>"", SUMPRODUCT((OFFSET(H22,0,0,H$16,1)=$T$24) +0),"")} -> 0 | O22: {=IF(I22<>"", SUMPRODUCT((OFFSET(I22,0,0,I$16,1)=$T$24) +0),"")} -> 0 | P22: {=IF(J22<>"", SUMPRODUCT((OFFSET(J22,0,0,J$16,1)=$T$24) +0),"")} -> 1 | Q22: {=IF(K22<>"", SUMPRODUCT((OFFSET(K22,0,0,K$16,1)=$T$24) +0),"")} -> 0 | R22: {=IF(L22<>"", SUMPRODUCT((OFFSET(L22,0,0,L$16,1)=$T$24) +0),"")} -> 0 | T22: =Summary!B8 -> P5 | U22: =COUNTIF(A$18:A$254,$T22) -> 14 | V22: =COUNTIF(B$18:B$254,$T22) -> 13 | W22: =COUNTIF(C$18:C$254,$T22) -> 13 | X22: =COUNTIF(D$18:D$254,$T22) -> 13 | Y22: =COUNTIF(E$18:E$254,$T22) -> 13 | AB22: =T19 -> P2 | AC22: 4 | AD22: =IF(_xlfn.XLOOKUP($AC22,$AR$18:$AR$22,AS$18:AS$22)=1, _xlfn.XLOOKUP($AB22,$T$18:$T$26,U$18:U$26)+U$25, IF(_xlfn.XLOOKUP($AC22,$AR$18:$AR$22,AS$18:AS$22)=0, U$27-(_xlfn.XLOOKUP($AB22,$T$18:$T$26,U$18:U$26)+U$25), U$27)) -> 9 | AE22: =IF(_xlfn.XLOOKUP($AC22,$AR$18:$AR$22,AT$18:AT$22)=1, _xlfn.XLOOKUP($AB22,$T$18:$T$26,V$18:V$26)+V$25, IF(_xlfn.XLOOKUP($AC22,$AR$18:$AR$22,AT$18:AT$22)=0, V$27-(_xlfn.XLOOKUP($AB22,$T$18:$T$26,V$18:V$26)+V$25), V$27)) -> 12 | AF22: =IF(_xlfn.XLOOKUP($AC22,$AR$18:$AR$22,AU$18:AU$22)=1, _xlfn.XLOOKUP($AB22,$T$18:$T$26,W$18:W$26)+W$25, IF(_xlfn.XLOOKUP($AC22,$AR$18:$AR$22,AU$18:AU$22)=0, W$27-(_xlfn.XLOOKUP($AB22,$T$18:$T$26,W$18:W$26)+W$25), W$27)) -> 11 | AG22: =IF(_xlfn.XLOOKUP($AC22,$AR$18:$AR$22,AV$18:AV$22)=1, _xlfn.XLOOKUP($AB22,$T$18:$T$26,X$18:X$26)+X$25, IF(_xlfn.XLOOKUP($AC22,$AR$18:$AR$22,AV$18:AV$22)=0, X$27-(_xlfn.XLOOKUP($AB22,$T$18:$T$26,X$18:X$26)+X$25), X$27)) -> 11 | AH22: =IF(_xlfn.XLOOKUP($AC22,$AR$18:$AR$22,AW$18:AW$22)=1, _xlfn.XLOOKUP($AB22,$T$18:$T$26,Y$18:Y$26)+Y$25, IF(_xlfn.XLOOKUP($AC22,$AR$18:$AR$22,AW$18:AW$22)=0, Y$27-(_xlfn.XLOOKUP($AB22,$T$18:$T$26,Y$18:Y$26)+Y$25), Y$27)) -> 65 | AI22: =PRODUCT(AD22:AH22) -> 849420 | AJ22: =AI22/$U$28 -> 0.00025740355 | AK22: =1/AJ22 -> 3884.9503 | AL22: =IFERROR(INDEX(Summary!$C$4:$E$9, MATCH($AB22, Summary!$B$4:$B$9, 0), MATCH($AC22, Summary!$C$3:$E$3, 0)), 0) -> 100
A23: P3 | B23: P6 | C23: CP | D23: P3 | E23: P6 | H23: {=IF(ROW(A23)-H$15 < H$14,A23,IF(ROW(A23) - H$15 -H$16 + 1 < H$14,INDIRECT(ADDRESS(MOD(ROW(A23) - H$15, H$14) + H$15, COLUMN(A23))),""))} -> P3 | I23: {=IF(ROW(B23)-I$15 < I$14,B23,IF(ROW(B23) - I$15 -I$16 + 1 < I$14,INDIRECT(ADDRESS(MOD(ROW(B23) - I$15, I$14) + I$15, COLUMN(B23))),""))} -> P6 | J23: {=IF(ROW(C23)-J$15 < J$14,C23,IF(ROW(C23) - J$15 -J$16 + 1 < J$14,INDIRECT(ADDRESS(MOD(ROW(C23) - J$15, J$14) + J$15, COLUMN(C23))),""))} -> CP | K23: {=IF(ROW(D23)-K$15 < K$14,D23,IF(ROW(D23) - K$15 -K$16 + 1 < K$14,INDIRECT(ADDRESS(MOD(ROW(D23) - K$15, K$14) + K$15, COLUMN(D23))),""))} -> P3 | L23: {=IF(ROW(E23)-L$15 < L$14,E23,IF(ROW(E23) - L$15 -L$16 + 1 < L$14,INDIRECT(ADDRESS(MOD(ROW(E23) - L$15, L$14) + L$15, COLUMN(E23))),""))} -> P6 | N23: {=IF(H23<>"", SUMPRODUCT((OFFSET(H23,0,0,H$16,1)=$T$24) +0),"")} -> 0 | O23: {=IF(I23<>"", SUMPRODUCT((OFFSET(I23,0,0,I$16,1)=$T$24) +0),"")} -> 1 | P23: {=IF(J23<>"", SUMPRODUCT((OFFSET(J23,0,0,J$16,1)=$T$24) +0),"")} -> 1 | Q23: {=IF(K23<>"", SUMPRODUCT((OFFSET(K23,0,0,K$16,1)=$T$24) +0),"")} -> 0 | R23: {=IF(L23<>"", SUMPRODUCT((OFFSET(L23,0,0,L$16,1)=$T$24) +0),"")} -> 0 | T23: =Summary!B9 -> P6 | U23: =COUNTIF(A$18:A$254,$T23) -> 14 | V23: =COUNTIF(B$18:B$254,$T23) -> 13 | W23: =COUNTIF(C$18:C$254,$T23) -> 16 | X23: =COUNTIF(D$18:D$254,$T23) -> 12 | Y23: =COUNTIF(E$18:E$254,$T23) -> 12 | AB23: =T19 -> P2 | AC23: 3 | AD23: =IF(_xlfn.XLOOKUP($AC23,$AR$18:$AR$22,AS$18:AS$22)=1, _xlfn.XLOOKUP($AB23,$T$18:$T$26,U$18:U$26)+U$25, IF(_xlfn.XLOOKUP($AC23,$AR$18:$AR$22,AS$18:AS$22)=0, U$27-(_xlfn.XLOOKUP($AB23,$T$18:$T$26,U$18:U$26)+U$25), U$27)) -> 9 | AE23: =IF(_xlfn.XLOOKUP($AC23,$AR$18:$AR$22,AT$18:AT$22)=1, _xlfn.XLOOKUP($AB23,$T$18:$T$26,V$18:V$26)+V$25, IF(_xlfn.XLOOKUP($AC23,$AR$18:$AR$22,AT$18:AT$22)=0, V$27-(_xlfn.XLOOKUP($AB23,$T$18:$T$26,V$18:V$26)+V$25), V$27)) -> 12 | AF23: =IF(_xlfn.XLOOKUP($AC23,$AR$18:$AR$22,AU$18:AU$22)=1, _xlfn.XLOOKUP($AB23,$T$18:$T$26,W$18:W$26)+W$25, IF(_xlfn.XLOOKUP($AC23,$AR$18:$AR$22,AU$18:AU$22)=0, W$27-(_xlfn.XLOOKUP($AB23,$T$18:$T$26,W$18:W$26)+W$25), W$27)) -> 11 | AG23: =IF(_xlfn.XLOOKUP($AC23,$AR$18:$AR$22,AV$18:AV$22)=1, _xlfn.XLOOKUP($AB23,$T$18:$T$26,X$18:X$26)+X$25, IF(_xlfn.XLOOKUP($AC23,$AR$18:$AR$22,AV$18:AV$22)=0, X$27-(_xlfn.XLOOKUP($AB23,$T$18:$T$26,X$18:X$26)+X$25), X$27)) -> 65 | AH23: =IF(_xlfn.XLOOKUP($AC23,$AR$18:$AR$22,AW$18:AW$22)=1, _xlfn.XLOOKUP($AB23,$T$18:$T$26,Y$18:Y$26)+Y$25, IF(_xlfn.XLOOKUP($AC23,$AR$18:$AR$22,AW$18:AW$22)=0, Y$27-(_xlfn.XLOOKUP($AB23,$T$18:$T$26,Y$18:Y$26)+Y$25), Y$27)) -> 77 | AI23: =PRODUCT(AD23:AH23) -> 5945940 | AJ23: =AI23/$U$28 -> 0.0018018248 | AK23: =1/AJ23 -> 554.9929 | AL23: =IFERROR(INDEX(Summary!$C$4:$E$9, MATCH($AB23, Summary!$B$4:$B$9, 0), MATCH($AC23, Summary!$C$3:$E$3, 0)), 0) -> 20
A24: SCAT | B24: P6 | C24: P6 | D24: P6 | E24: P1 | H24: {=IF(ROW(A24)-H$15 < H$14,A24,IF(ROW(A24) - H$15 -H$16 + 1 < H$14,INDIRECT(ADDRESS(MOD(ROW(A24) - H$15, H$14) + H$15, COLUMN(A24))),""))} -> SCAT | I24: {=IF(ROW(B24)-I$15 < I$14,B24,IF(ROW(B24) - I$15 -I$16 + 1 < I$14,INDIRECT(ADDRESS(MOD(ROW(B24) - I$15, I$14) + I$15, COLUMN(B24))),""))} -> P6 | J24: {=IF(ROW(C24)-J$15 < J$14,C24,IF(ROW(C24) - J$15 -J$16 + 1 < J$14,INDIRECT(ADDRESS(MOD(ROW(C24) - J$15, J$14) + J$15, COLUMN(C24))),""))} -> P6 | K24: {=IF(ROW(D24)-K$15 < K$14,D24,IF(ROW(D24) - K$15 -K$16 + 1 < K$14,INDIRECT(ADDRESS(MOD(ROW(D24) - K$15, K$14) + K$15, COLUMN(D24))),""))} -> P6 | L24: {=IF(ROW(E24)-L$15 < L$14,E24,IF(ROW(E24) - L$15 -L$16 + 1 < L$14,INDIRECT(ADDRESS(MOD(ROW(E24) - L$15, L$14) + L$15, COLUMN(E24))),""))} -> P1 | N24: {=IF(H24<>"", SUMPRODUCT((OFFSET(H24,0,0,H$16,1)=$T$24) +0),"")} -> 0 | O24: {=IF(I24<>"", SUMPRODUCT((OFFSET(I24,0,0,I$16,1)=$T$24) +0),"")} -> 1 | P24: {=IF(J24<>"", SUMPRODUCT((OFFSET(J24,0,0,J$16,1)=$T$24) +0),"")} -> 0 | Q24: {=IF(K24<>"", SUMPRODUCT((OFFSET(K24,0,0,K$16,1)=$T$24) +0),"")} -> 1 | R24: {=IF(L24<>"", SUMPRODUCT((OFFSET(L24,0,0,L$16,1)=$T$24) +0),"")} -> 0 | T24: =Summary!B10 -> CP | U24: =COUNTIF(A$18:A$254,$T24) -> 8 | V24: =COUNTIF(B$18:B$254,$T24) -> 8 | W24: =COUNTIF(C$18:C$254,$T24) -> 12 | X24: =COUNTIF(D$18:D$254,$T24) -> 7 | Y24: =COUNTIF(E$18:E$254,$T24) -> 8 | AB24: =T20 -> P3 | AC24: 5 | AD24: =IF(_xlfn.XLOOKUP($AC24,$AR$18:$AR$22,AS$18:AS$22)=1, _xlfn.XLOOKUP($AB24,$T$18:$T$26,U$18:U$26)+U$25, IF(_xlfn.XLOOKUP($AC24,$AR$18:$AR$22,AS$18:AS$22)=0, U$27-(_xlfn.XLOOKUP($AB24,$T$18:$T$26,U$18:U$26)+U$25), U$27)) -> 11 | AE24: =IF(_xlfn.XLOOKUP($AC24,$AR$18:$AR$22,AT$18:AT$22)=1, _xlfn.XLOOKUP($AB24,$T$18:$T$26,V$18:V$26)+V$25, IF(_xlfn.XLOOKUP($AC24,$AR$18:$AR$22,AT$18:AT$22)=0, V$27-(_xlfn.XLOOKUP($AB24,$T$18:$T$26,V$18:V$26)+V$25), V$27)) -> 14 | AF24: =IF(_xlfn.XLOOKUP($AC24,$AR$18:$AR$22,AU$18:AU$22)=1, _xlfn.XLOOKUP($AB24,$T$18:$T$26,W$18:W$26)+W$25, IF(_xlfn.XLOOKUP($AC24,$AR$18:$AR$22,AU$18:AU$22)=0, W$27-(_xlfn.XLOOKUP($AB24,$T$18:$T$26,W$18:W$26)+W$25), W$27)) -> 13 | AG24: =IF(_xlfn.XLOOKUP($AC24,$AR$18:$AR$22,AV$18:AV$22)=1, _xlfn.XLOOKUP($AB24,$T$18:$T$26,X$18:X$26)+X$25, IF(_xlfn.XLOOKUP($AC24,$AR$18:$AR$22,AV$18:AV$22)=0, X$27-(_xlfn.XLOOKUP($AB24,$T$18:$T$26,X$18:X$26)+X$25), X$27)) -> 15 | AH24: =IF(_xlfn.XLOOKUP($AC24,$AR$18:$AR$22,AW$18:AW$22)=1, _xlfn.XLOOKUP($AB24,$T$18:$T$26,Y$18:Y$26)+Y$25, IF(_xlfn.XLOOKUP($AC24,$AR$18:$AR$22,AW$18:AW$22)=0, Y$27-(_xlfn.XLOOKUP($AB24,$T$18:$T$26,Y$18:Y$26)+Y$25), Y$27)) -> 13 | AI24: =PRODUCT(AD24:AH24) -> 390390 | AJ24: =AI24/$U$28 -> 0.00011830163 | AK24: =1/AJ24 -> 8452.9688 | AL24: =IFERROR(INDEX(Summary!$C$4:$E$9, MATCH($AB24, Summary!$B$4:$B$9, 0), MATCH($AC24, Summary!$C$3:$E$3, 0)), 0) -> 250 | AM24: =SUM(AJ24*AL24,AJ25*AL25,AJ26*AL26) -> 0.087191335 | AN24: 0.0236712 | AO24: 1.0236712
A25: P2 | B25: CP | C25: P3 | D25: P2 | E25: P6 | H25: {=IF(ROW(A25)-H$15 < H$14,A25,IF(ROW(A25) - H$15 -H$16 + 1 < H$14,INDIRECT(ADDRESS(MOD(ROW(A25) - H$15, H$14) + H$15, COLUMN(A25))),""))} -> P2 | I25: {=IF(ROW(B25)-I$15 < I$14,B25,IF(ROW(B25) - I$15 -I$16 + 1 < I$14,INDIRECT(ADDRESS(MOD(ROW(B25) - I$15, I$14) + I$15, COLUMN(B25))),""))} -> CP | J25: {=IF(ROW(C25)-J$15 < J$14,C25,IF(ROW(C25) - J$15 -J$16 + 1 < J$14,INDIRECT(ADDRESS(MOD(ROW(C25) - J$15, J$14) + J$15, COLUMN(C25))),""))} -> P3 | K25: {=IF(ROW(D25)-K$15 < K$14,D25,IF(ROW(D25) - K$15 -K$16 + 1 < K$14,INDIRECT(ADDRESS(MOD(ROW(D25) - K$15, K$14) + K$15, COLUMN(D25))),""))} -> P2 | L25: {=IF(ROW(E25)-L$15 < L$14,E25,IF(ROW(E25) - L$15 -L$16 + 1 < L$14,INDIRECT(ADDRESS(MOD(ROW(E25) - L$15, L$14) + L$15, COLUMN(E25))),""))} -> P6 | N25: {=IF(H25<>"", SUMPRODUCT((OFFSET(H25,0,0,H$16,1)=$T$24) +0),"")} -> 0 | O25: {=IF(I25<>"", SUMPRODUCT((OFFSET(I25,0,0,I$16,1)=$T$24) +0),"")} -> 1 | P25: {=IF(J25<>"", SUMPRODUCT((OFFSET(J25,0,0,J$16,1)=$T$24) +0),"")} -> 0 | Q25: {=IF(K25<>"", SUMPRODUCT((OFFSET(K25,0,0,K$16,1)=$T$24) +0),"")} -> 2 | R25: {=IF(L25<>"", SUMPRODUCT((OFFSET(L25,0,0,L$16,1)=$T$24) +0),"")} -> 0 | T25: =Summary!B11 -> WILD | U25: =COUNTIF(A$18:A$254,$T25) -> 0 | V25: =COUNTIF(B$18:B$254,$T25) -> 2 | W25: =COUNTIF(C$18:C$254,$T25) -> 3 | X25: =COUNTIF(D$18:D$254,$T25) -> 2 | Y25: =COUNTIF(E$18:E$254,$T25) -> 4 | AB25: =T20 -> P3 | AC25: 4 | AD25: =IF(_xlfn.XLOOKUP($AC25,$AR$18:$AR$22,AS$18:AS$22)=1, _xlfn.XLOOKUP($AB25,$T$18:$T$26,U$18:U$26)+U$25, IF(_xlfn.XLOOKUP($AC25,$AR$18:$AR$22,AS$18:AS$22)=0, U$27-(_xlfn.XLOOKUP($AB25,$T$18:$T$26,U$18:U$26)+U$25), U$27)) -> 11 | AE25: =IF(_xlfn.XLOOKUP($AC25,$AR$18:$AR$22,AT$18:AT$22)=1, _xlfn.XLOOKUP($AB25,$T$18:$T$26,V$18:V$26)+V$25, IF(_xlfn.XLOOKUP($AC25,$AR$18:$AR$22,AT$18:AT$22)=0, V$27-(_xlfn.XLOOKUP($AB25,$T$18:$T$26,V$18:V$26)+V$25), V$27)) -> 14 | AF25: =IF(_xlfn.XLOOKUP($AC25,$AR$18:$AR$22,AU$18:AU$22)=1, _xlfn.XLOOKUP($AB25,$T$18:$T$26,W$18:W$26)+W$25, IF(_xlfn.XLOOKUP($AC25,$AR$18:$AR$22,AU$18:AU$22)=0, W$27-(_xlfn.XLOOKUP($AB25,$T$18:$T$26,W$18:W$26)+W$25), W$27)) -> 13 | AG25: =IF(_xlfn.XLOOKUP($AC25,$AR$18:$AR$22,AV$18:AV$22)=1, _xlfn.XLOOKUP($AB25,$T$18:$T$26,X$18:X$26)+X$25, IF(_xlfn.XLOOKUP($AC25,$AR$18:$AR$22,AV$18:AV$22)=0, X$27-(_xlfn.XLOOKUP($AB25,$T$18:$T$26,X$18:X$26)+X$25), X$27)) -> 15 | AH25: =IF(_xlfn.XLOOKUP($AC25,$AR$18:$AR$22,AW$18:AW$22)=1, _xlfn.XLOOKUP($AB25,$T$18:$T$26,Y$18:Y$26)+Y$25, IF(_xlfn.XLOOKUP($AC25,$AR$18:$AR$22,AW$18:AW$22)=0, Y$27-(_xlfn.XLOOKUP($AB25,$T$18:$T$26,Y$18:Y$26)+Y$25), Y$27)) -> 64 | AI25: =PRODUCT(AD25:AH25) -> 1921920 | AJ25: =AI25/$U$28 -> 0.00058240803 | AK25: =1/AJ25 -> 1717.0093 | AL25: =IFERROR(INDEX(Summary!$C$4:$E$9, MATCH($AB25, Summary!$B$4:$B$9, 0), MATCH($AC25, Summary!$C$3:$E$3, 0)), 0) -> 50
A26: P4 | B26: P5 | C26: WILD | D26: CP | E26: P5 | H26: {=IF(ROW(A26)-H$15 < H$14,A26,IF(ROW(A26) - H$15 -H$16 + 1 < H$14,INDIRECT(ADDRESS(MOD(ROW(A26) - H$15, H$14) + H$15, COLUMN(A26))),""))} -> P4 | I26: {=IF(ROW(B26)-I$15 < I$14,B26,IF(ROW(B26) - I$15 -I$16 + 1 < I$14,INDIRECT(ADDRESS(MOD(ROW(B26) - I$15, I$14) + I$15, COLUMN(B26))),""))} -> P5 | J26: {=IF(ROW(C26)-J$15 < J$14,C26,IF(ROW(C26) - J$15 -J$16 + 1 < J$14,INDIRECT(ADDRESS(MOD(ROW(C26) - J$15, J$14) + J$15, COLUMN(C26))),""))} -> WILD | K26: {=IF(ROW(D26)-K$15 < K$14,D26,IF(ROW(D26) - K$15 -K$16 + 1 < K$14,INDIRECT(ADDRESS(MOD(ROW(D26) - K$15, K$14) + K$15, COLUMN(D26))),""))} -> CP | L26: {=IF(ROW(E26)-L$15 < L$14,E26,IF(ROW(E26) - L$15 -L$16 + 1 < L$14,INDIRECT(ADDRESS(MOD(ROW(E26) - L$15, L$14) + L$15, COLUMN(E26))),""))} -> P5 | N26: {=IF(H26<>"", SUMPRODUCT((OFFSET(H26,0,0,H$16,1)=$T$24) +0),"")} -> 0 | O26: {=IF(I26<>"", SUMPRODUCT((OFFSET(I26,0,0,I$16,1)=$T$24) +0),"")} -> 0 | P26: {=IF(J26<>"", SUMPRODUCT((OFFSET(J26,0,0,J$16,1)=$T$24) +0),"")} -> 0 | Q26: {=IF(K26<>"", SUMPRODUCT((OFFSET(K26,0,0,K$16,1)=$T$24) +0),"")} -> 2 | R26: {=IF(L26<>"", SUMPRODUCT((OFFSET(L26,0,0,L$16,1)=$T$24) +0),"")} -> 0 | T26: =Summary!B12 -> SCAT | U26: =COUNTIF(A$18:A$254,$T26) -> 5 | V26: =COUNTIF(B$18:B$254,$T26) -> 0 | W26: =COUNTIF(C$18:C$254,$T26) -> 5 | X26: =COUNTIF(D$18:D$254,$T26) -> 0 | Y26: =COUNTIF(E$18:E$254,$T26) -> 3 | AB26: =T20 -> P3 | AC26: 3 | AD26: =IF(_xlfn.XLOOKUP($AC26,$AR$18:$AR$22,AS$18:AS$22)=1, _xlfn.XLOOKUP($AB26,$T$18:$T$26,U$18:U$26)+U$25, IF(_xlfn.XLOOKUP($AC26,$AR$18:$AR$22,AS$18:AS$22)=0, U$27-(_xlfn.XLOOKUP($AB26,$T$18:$T$26,U$18:U$26)+U$25), U$27)) -> 11 | AE26: =IF(_xlfn.XLOOKUP($AC26,$AR$18:$AR$22,AT$18:AT$22)=1, _xlfn.XLOOKUP($AB26,$T$18:$T$26,V$18:V$26)+V$25, IF(_xlfn.XLOOKUP($AC26,$AR$18:$AR$22,AT$18:AT$22)=0, V$27-(_xlfn.XLOOKUP($AB26,$T$18:$T$26,V$18:V$26)+V$25), V$27)) -> 14 | AF26: =IF(_xlfn.XLOOKUP($AC26,$AR$18:$AR$22,AU$18:AU$22)=1, _xlfn.XLOOKUP($AB26,$T$18:$T$26,W$18:W$26)+W$25, IF(_xlfn.XLOOKUP($AC26,$AR$18:$AR$22,AU$18:AU$22)=0, W$27-(_xlfn.XLOOKUP($AB26,$T$18:$T$26,W$18:W$26)+W$25), W$27)) -> 13 | AG26: =IF(_xlfn.XLOOKUP($AC26,$AR$18:$AR$22,AV$18:AV$22)=1, _xlfn.XLOOKUP($AB26,$T$18:$T$26,X$18:X$26)+X$25, IF(_xlfn.XLOOKUP($AC26,$AR$18:$AR$22,AV$18:AV$22)=0, X$27-(_xlfn.XLOOKUP($AB26,$T$18:$T$26,X$18:X$26)+X$25), X$27)) -> 61 | AH26: =IF(_xlfn.XLOOKUP($AC26,$AR$18:$AR$22,AW$18:AW$22)=1, _xlfn.XLOOKUP($AB26,$T$18:$T$26,Y$18:Y$26)+Y$25, IF(_xlfn.XLOOKUP($AC26,$AR$18:$AR$22,AW$18:AW$22)=0, Y$27-(_xlfn.XLOOKUP($AB26,$T$18:$T$26,Y$18:Y$26)+Y$25), Y$27)) -> 77 | AI26: =PRODUCT(AD26:AH26) -> 9403394 | AJ26: =AI26/$U$28 -> 0.0028495526 | AK26: =1/AJ26 -> 350.93228 | AL26: =IFERROR(INDEX(Summary!$C$4:$E$9, MATCH($AB26, Summary!$B$4:$B$9, 0), MATCH($AC26, Summary!$C$3:$E$3, 0)), 0) -> 10
A27: P5 | B27: P3 | C27: P5 | D27: CP | E27: P4 | H27: {=IF(ROW(A27)-H$15 < H$14,A27,IF(ROW(A27) - H$15 -H$16 + 1 < H$14,INDIRECT(ADDRESS(MOD(ROW(A27) - H$15, H$14) + H$15, COLUMN(A27))),""))} -> P5 | I27: {=IF(ROW(B27)-I$15 < I$14,B27,IF(ROW(B27) - I$15 -I$16 + 1 < I$14,INDIRECT(ADDRESS(MOD(ROW(B27) - I$15, I$14) + I$15, COLUMN(B27))),""))} -> P3 | J27: {=IF(ROW(C27)-J$15 < J$14,C27,IF(ROW(C27) - J$15 -J$16 + 1 < J$14,INDIRECT(ADDRESS(MOD(ROW(C27) - J$15, J$14) + J$15, COLUMN(C27))),""))} -> P5 | K27: {=IF(ROW(D27)-K$15 < K$14,D27,IF(ROW(D27) - K$15 -K$16 + 1 < K$14,INDIRECT(ADDRESS(MOD(ROW(D27) - K$15, K$14) + K$15, COLUMN(D27))),""))} -> CP | L27: {=IF(ROW(E27)-L$15 < L$14,E27,IF(ROW(E27) - L$15 -L$16 + 1 < L$14,INDIRECT(ADDRESS(MOD(ROW(E27) - L$15, L$14) + L$15, COLUMN(E27))),""))} -> P4 | N27: {=IF(H27<>"", SUMPRODUCT((OFFSET(H27,0,0,H$16,1)=$T$24) +0),"")} -> 0 | O27: {=IF(I27<>"", SUMPRODUCT((OFFSET(I27,0,0,I$16,1)=$T$24) +0),"")} -> 0 | P27: {=IF(J27<>"", SUMPRODUCT((OFFSET(J27,0,0,J$16,1)=$T$24) +0),"")} -> 0 | Q27: {=IF(K27<>"", SUMPRODUCT((OFFSET(K27,0,0,K$16,1)=$T$24) +0),"")} -> 1 | R27: {=IF(L27<>"", SUMPRODUCT((OFFSET(L27,0,0,L$16,1)=$T$24) +0),"")} -> 0 | T27: SUM | U27: =SUM(U18:U26) -> 83 | V27: =SUM(V18:V26) -> 79 | W27: =SUM(W18:W26) -> 86 | X27: =SUM(X18:X26) -> 76 | Y27: =SUM(Y18:Y26) -> 77 | AB27: =T21 -> P4 | AC27: 5 | AD27: =IF(_xlfn.XLOOKUP($AC27,$AR$18:$AR$22,AS$18:AS$22)=1, _xlfn.XLOOKUP($AB27,$T$18:$T$26,U$18:U$26)+U$25, IF(_xlfn.XLOOKUP($AC27,$AR$18:$AR$22,AS$18:AS$22)=0, U$27-(_xlfn.XLOOKUP($AB27,$T$18:$T$26,U$18:U$26)+U$25), U$27)) -> 14 | AE27: =IF(_xlfn.XLOOKUP($AC27,$AR$18:$AR$22,AT$18:AT$22)=1, _xlfn.XLOOKUP($AB27,$T$18:$T$26,V$18:V$26)+V$25, IF(_xlfn.XLOOKUP($AC27,$AR$18:$AR$22,AT$18:AT$22)=0, V$27-(_xlfn.XLOOKUP($AB27,$T$18:$T$26,V$18:V$26)+V$25), V$27)) -> 17 | AF27: =IF(_xlfn.XLOOKUP($AC27,$AR$18:$AR$22,AU$18:AU$22)=1, _xlfn.XLOOKUP($AB27,$T$18:$T$26,W$18:W$26)+W$25, IF(_xlfn.XLOOKUP($AC27,$AR$18:$AR$22,AU$18:AU$22)=0, W$27-(_xlfn.XLOOKUP($AB27,$T$18:$T$26,W$18:W$26)+W$25), W$27)) -> 15 | AG27: =IF(_xlfn.XLOOKUP($AC27,$AR$18:$AR$22,AV$18:AV$22)=1, _xlfn.XLOOKUP($AB27,$T$18:$T$26,X$18:X$26)+X$25, IF(_xlfn.XLOOKUP($AC27,$AR$18:$AR$22,AV$18:AV$22)=0, X$27-(_xlfn.XLOOKUP($AB27,$T$18:$T$26,X$18:X$26)+X$25), X$27)) -> 16 | AH27: =IF(_xlfn.XLOOKUP($AC27,$AR$18:$AR$22,AW$18:AW$22)=1, _xlfn.XLOOKUP($AB27,$T$18:$T$26,Y$18:Y$26)+Y$25, IF(_xlfn.XLOOKUP($AC27,$AR$18:$AR$22,AW$18:AW$22)=0, Y$27-(_xlfn.XLOOKUP($AB27,$T$18:$T$26,Y$18:Y$26)+Y$25), Y$27)) -> 16 | AI27: =PRODUCT(AD27:AH27) -> 913920 | AJ27: =AI27/$U$28 -> 0.00027694927 | AK27: =1/AJ27 -> 3610.7695 | AL27: =IFERROR(INDEX(Summary!$C$4:$E$9, MATCH($AB27, Summary!$B$4:$B$9, 0), MATCH($AC27, Summary!$C$3:$E$3, 0)), 0) -> 100 | AM27: =SUM(AJ27*AL27,AJ28*AL28,AJ29*AL29) -> 0.079081999
A28: P5 | B28: P4 | C28: P4 | D28: P5 | E28: P2 | H28: {=IF(ROW(A28)-H$15 < H$14,A28,IF(ROW(A28) - H$15 -H$16 + 1 < H$14,INDIRECT(ADDRESS(MOD(ROW(A28) - H$15, H$14) + H$15, COLUMN(A28))),""))} -> P5 | I28: {=IF(ROW(B28)-I$15 < I$14,B28,IF(ROW(B28) - I$15 -I$16 + 1 < I$14,INDIRECT(ADDRESS(MOD(ROW(B28) - I$15, I$14) + I$15, COLUMN(B28))),""))} -> P4 | J28: {=IF(ROW(C28)-J$15 < J$14,C28,IF(ROW(C28) - J$15 -J$16 + 1 < J$14,INDIRECT(ADDRESS(MOD(ROW(C28) - J$15, J$14) + J$15, COLUMN(C28))),""))} -> P4 | K28: {=IF(ROW(D28)-K$15 < K$14,D28,IF(ROW(D28) - K$15 -K$16 + 1 < K$14,INDIRECT(ADDRESS(MOD(ROW(D28) - K$15, K$14) + K$15, COLUMN(D28))),""))} -> P5 | L28: {=IF(ROW(E28)-L$15 < L$14,E28,IF(ROW(E28) - L$15 -L$16 + 1 < L$14,INDIRECT(ADDRESS(MOD(ROW(E28) - L$15, L$14) + L$15, COLUMN(E28))),""))} -> P2 | N28: {=IF(H28<>"", SUMPRODUCT((OFFSET(H28,0,0,H$16,1)=$T$24) +0),"")} -> 0 | O28: {=IF(I28<>"", SUMPRODUCT((OFFSET(I28,0,0,I$16,1)=$T$24) +0),"")} -> 0 | P28: {=IF(J28<>"", SUMPRODUCT((OFFSET(J28,0,0,J$16,1)=$T$24) +0),"")} -> 0 | Q28: {=IF(K28<>"", SUMPRODUCT((OFFSET(K28,0,0,K$16,1)=$T$24) +0),"")} -> 0 | R28: {=IF(L28<>"", SUMPRODUCT((OFFSET(L28,0,0,L$16,1)=$T$24) +0),"")} -> 0 | T28: PRODUCT | U28: =PRODUCT(U27:Z27) -> 3299954504 | AB28: =T21 -> P4 | AC28: 4 | AD28: =IF(_xlfn.XLOOKUP($AC28,$AR$18:$AR$22,AS$18:AS$22)=1, _xlfn.XLOOKUP($AB28,$T$18:$T$26,U$18:U$26)+U$25, IF(_xlfn.XLOOKUP($AC28,$AR$18:$AR$22,AS$18:AS$22)=0, U$27-(_xlfn.XLOOKUP($AB28,$T$18:$T$26,U$18:U$26)+U$25), U$27)) -> 14 | AE28: =IF(_xlfn.XLOOKUP($AC28,$AR$18:$AR$22,AT$18:AT$22)=1, _xlfn.XLOOKUP($AB28,$T$18:$T$26,V$18:V$26)+V$25, IF(_xlfn.XLOOKUP($AC28,$AR$18:$AR$22,AT$18:AT$22)=0, V$27-(_xlfn.XLOOKUP($AB28,$T$18:$T$26,V$18:V$26)+V$25), V$27)) -> 17 | AF28: =IF(_xlfn.XLOOKUP($AC28,$AR$18:$AR$22,AU$18:AU$22)=1, _xlfn.XLOOKUP($AB28,$T$18:$T$26,W$18:W$26)+W$25, IF(_xlfn.XLOOKUP($AC28,$AR$18:$AR$22,AU$18:AU$22)=0, W$27-(_xlfn.XLOOKUP($AB28,$T$18:$T$26,W$18:W$26)+W$25), W$27)) -> 15 | AG28: =IF(_xlfn.XLOOKUP($AC28,$AR$18:$AR$22,AV$18:AV$22)=1, _xlfn.XLOOKUP($AB28,$T$18:$T$26,X$18:X$26)+X$25, IF(_xlfn.XLOOKUP($AC28,$AR$18:$AR$22,AV$18:AV$22)=0, X$27-(_xlfn.XLOOKUP($AB28,$T$18:$T$26,X$18:X$26)+X$25), X$27)) -> 16 | AH28: =IF(_xlfn.XLOOKUP($AC28,$AR$18:$AR$22,AW$18:AW$22)=1, _xlfn.XLOOKUP($AB28,$T$18:$T$26,Y$18:Y$26)+Y$25, IF(_xlfn.XLOOKUP($AC28,$AR$18:$AR$22,AW$18:AW$22)=0, Y$27-(_xlfn.XLOOKUP($AB28,$T$18:$T$26,Y$18:Y$26)+Y$25), Y$27)) -> 61 | AI28: =PRODUCT(AD28:AH28) -> 3484320 | AJ28: =AI28/$U$28 -> 0.0010558691 | AK28: =1/AJ28 -> 947.08709 | AL28: =IFERROR(INDEX(Summary!$C$4:$E$9, MATCH($AB28, Summary!$B$4:$B$9, 0), MATCH($AC28, Summary!$C$3:$E$3, 0)), 0) -> 25
A29: P4 | B29: P6 | C29: P6 | D29: P6 | E29: P5 | H29: {=IF(ROW(A29)-H$15 < H$14,A29,IF(ROW(A29) - H$15 -H$16 + 1 < H$14,INDIRECT(ADDRESS(MOD(ROW(A29) - H$15, H$14) + H$15, COLUMN(A29))),""))} -> P4 | I29: {=IF(ROW(B29)-I$15 < I$14,B29,IF(ROW(B29) - I$15 -I$16 + 1 < I$14,INDIRECT(ADDRESS(MOD(ROW(B29) - I$15, I$14) + I$15, COLUMN(B29))),""))} -> P6 | J29: {=IF(ROW(C29)-J$15 < J$14,C29,IF(ROW(C29) - J$15 -J$16 + 1 < J$14,INDIRECT(ADDRESS(MOD(ROW(C29) - J$15, J$14) + J$15, COLUMN(C29))),""))} -> P6 | K29: {=IF(ROW(D29)-K$15 < K$14,D29,IF(ROW(D29) - K$15 -K$16 + 1 < K$14,INDIRECT(ADDRESS(MOD(ROW(D29) - K$15, K$14) + K$15, COLUMN(D29))),""))} -> P6 | L29: {=IF(ROW(E29)-L$15 < L$14,E29,IF(ROW(E29) - L$15 -L$16 + 1 < L$14,INDIRECT(ADDRESS(MOD(ROW(E29) - L$15, L$14) + L$15, COLUMN(E29))),""))} -> P5 | N29: {=IF(H29<>"", SUMPRODUCT((OFFSET(H29,0,0,H$16,1)=$T$24) +0),"")} -> 0 | O29: {=IF(I29<>"", SUMPRODUCT((OFFSET(I29,0,0,I$16,1)=$T$24) +0),"")} -> 0 | P29: {=IF(J29<>"", SUMPRODUCT((OFFSET(J29,0,0,J$16,1)=$T$24) +0),"")} -> 0 | Q29: {=IF(K29<>"", SUMPRODUCT((OFFSET(K29,0,0,K$16,1)=$T$24) +0),"")} -> 0 | R29: {=IF(L29<>"", SUMPRODUCT((OFFSET(L29,0,0,L$16,1)=$T$24) +0),"")} -> 0 | AB29: =T21 -> P4 | AC29: 3 | AD29: =IF(_xlfn.XLOOKUP($AC29,$AR$18:$AR$22,AS$18:AS$22)=1, _xlfn.XLOOKUP($AB29,$T$18:$T$26,U$18:U$26)+U$25, IF(_xlfn.XLOOKUP($AC29,$AR$18:$AR$22,AS$18:AS$22)=0, U$27-(_xlfn.XLOOKUP($AB29,$T$18:$T$26,U$18:U$26)+U$25), U$27)) -> 14 | AE29: =IF(_xlfn.XLOOKUP($AC29,$AR$18:$AR$22,AT$18:AT$22)=1, _xlfn.XLOOKUP($AB29,$T$18:$T$26,V$18:V$26)+V$25, IF(_xlfn.XLOOKUP($AC29,$AR$18:$AR$22,AT$18:AT$22)=0, V$27-(_xlfn.XLOOKUP($AB29,$T$18:$T$26,V$18:V$26)+V$25), V$27)) -> 17 | AF29: =IF(_xlfn.XLOOKUP($AC29,$AR$18:$AR$22,AU$18:AU$22)=1, _xlfn.XLOOKUP($AB29,$T$18:$T$26,W$18:W$26)+W$25, IF(_xlfn.XLOOKUP($AC29,$AR$18:$AR$22,AU$18:AU$22)=0, W$27-(_xlfn.XLOOKUP($AB29,$T$18:$T$26,W$18:W$26)+W$25), W$27)) -> 15 | AG29: =IF(_xlfn.XLOOKUP($AC29,$AR$18:$AR$22,AV$18:AV$22)=1, _xlfn.XLOOKUP($AB29,$T$18:$T$26,X$18:X$26)+X$25, IF(_xlfn.XLOOKUP($AC29,$AR$18:$AR$22,AV$18:AV$22)=0, X$27-(_xlfn.XLOOKUP($AB29,$T$18:$T$26,X$18:X$26)+X$25), X$27)) -> 60 | AH29: =IF(_xlfn.XLOOKUP($AC29,$AR$18:$AR$22,AW$18:AW$22)=1, _xlfn.XLOOKUP($AB29,$T$18:$T$26,Y$18:Y$26)+Y$25, IF(_xlfn.XLOOKUP($AC29,$AR$18:$AR$22,AW$18:AW$22)=0, Y$27-(_xlfn.XLOOKUP($AB29,$T$18:$T$26,Y$18:Y$26)+Y$25), Y$27)) -> 77 | AI29: =PRODUCT(AD29:AH29) -> 16493400 | AJ29: =AI29/$U$28 -> 0.0049980689 | AK29: =1/AJ29 -> 200.07727 | AL29: =IFERROR(INDEX(Summary!$C$4:$E$9, MATCH($AB29, Summary!$B$4:$B$9, 0), MATCH($AC29, Summary!$C$3:$E$3, 0)), 0) -> 5
A30: P5 | B30: WILD | C30: P6 | D30: P6 | E30: WILD | H30: {=IF(ROW(A30)-H$15 < H$14,A30,IF(ROW(A30) - H$15 -H$16 + 1 < H$14,INDIRECT(ADDRESS(MOD(ROW(A30) - H$15, H$14) + H$15, COLUMN(A30))),""))} -> P5 | I30: {=IF(ROW(B30)-I$15 < I$14,B30,IF(ROW(B30) - I$15 -I$16 + 1 < I$14,INDIRECT(ADDRESS(MOD(ROW(B30) - I$15, I$14) + I$15, COLUMN(B30))),""))} -> WILD | J30: {=IF(ROW(C30)-J$15 < J$14,C30,IF(ROW(C30) - J$15 -J$16 + 1 < J$14,INDIRECT(ADDRESS(MOD(ROW(C30) - J$15, J$14) + J$15, COLUMN(C30))),""))} -> P6 | K30: {=IF(ROW(D30)-K$15 < K$14,D30,IF(ROW(D30) - K$15 -K$16 + 1 < K$14,INDIRECT(ADDRESS(MOD(ROW(D30) - K$15, K$14) + K$15, COLUMN(D30))),""))} -> P6 | L30: {=IF(ROW(E30)-L$15 < L$14,E30,IF(ROW(E30) - L$15 -L$16 + 1 < L$14,INDIRECT(ADDRESS(MOD(ROW(E30) - L$15, L$14) + L$15, COLUMN(E30))),""))} -> WILD | N30: {=IF(H30<>"", SUMPRODUCT((OFFSET(H30,0,0,H$16,1)=$T$24) +0),"")} -> 0 | O30: {=IF(I30<>"", SUMPRODUCT((OFFSET(I30,0,0,I$16,1)=$T$24) +0),"")} -> 0 | P30: {=IF(J30<>"", SUMPRODUCT((OFFSET(J30,0,0,J$16,1)=$T$24) +0),"")} -> 0 | Q30: {=IF(K30<>"", SUMPRODUCT((OFFSET(K30,0,0,K$16,1)=$T$24) +0),"")} -> 0 | R30: {=IF(L30<>"", SUMPRODUCT((OFFSET(L30,0,0,L$16,1)=$T$24) +0),"")} -> 0 | AB30: =T22 -> P5 | AC30: 5 | AD30: =IF(_xlfn.XLOOKUP($AC30,$AR$18:$AR$22,AS$18:AS$22)=1, _xlfn.XLOOKUP($AB30,$T$18:$T$26,U$18:U$26)+U$25, IF(_xlfn.XLOOKUP($AC30,$AR$18:$AR$22,AS$18:AS$22)=0, U$27-(_xlfn.XLOOKUP($AB30,$T$18:$T$26,U$18:U$26)+U$25), U$27)) -> 14 | AE30: =IF(_xlfn.XLOOKUP($AC30,$AR$18:$AR$22,AT$18:AT$22)=1, _xlfn.XLOOKUP($AB30,$T$18:$T$26,V$18:V$26)+V$25, IF(_xlfn.XLOOKUP($AC30,$AR$18:$AR$22,AT$18:AT$22)=0, V$27-(_xlfn.XLOOKUP($AB30,$T$18:$T$26,V$18:V$26)+V$25), V$27)) -> 15 | AF30: =IF(_xlfn.XLOOKUP($AC30,$AR$18:$AR$22,AU$18:AU$22)=1, _xlfn.XLOOKUP($AB30,$T$18:$T$26,W$18:W$26)+W$25, IF(_xlfn.XLOOKUP($AC30,$AR$18:$AR$22,AU$18:AU$22)=0, W$27-(_xlfn.XLOOKUP($AB30,$T$18:$T$26,W$18:W$26)+W$25), W$27)) -> 16 | AG30: =IF(_xlfn.XLOOKUP($AC30,$AR$18:$AR$22,AV$18:AV$22)=1, _xlfn.XLOOKUP($AB30,$T$18:$T$26,X$18:X$26)+X$25, IF(_xlfn.XLOOKUP($AC30,$AR$18:$AR$22,AV$18:AV$22)=0, X$27-(_xlfn.XLOOKUP($AB30,$T$18:$T$26,X$18:X$26)+X$25), X$27)) -> 15 | AH30: =IF(_xlfn.XLOOKUP($AC30,$AR$18:$AR$22,AW$18:AW$22)=1, _xlfn.XLOOKUP($AB30,$T$18:$T$26,Y$18:Y$26)+Y$25, IF(_xlfn.XLOOKUP($AC30,$AR$18:$AR$22,AW$18:AW$22)=0, Y$27-(_xlfn.XLOOKUP($AB30,$T$18:$T$26,Y$18:Y$26)+Y$25), Y$27)) -> 17 | AI30: =PRODUCT(AD30:AH30) -> 856800 | AJ30: =AI30/$U$28 -> 0.00025963994 | AK30: =1/AJ30 -> 3851.4875 | AL30: =IFERROR(INDEX(Summary!$C$4:$E$9, MATCH($AB30, Summary!$B$4:$B$9, 0), MATCH($AC30, Summary!$C$3:$E$3, 0)), 0) -> 100 | AM30: =SUM(AJ30*AL30,AJ31*AL31,AJ32*AL32) -> 0.072785731
A31: SCAT | B31: P5 | C31: P2 | D31: P3 | E31: P6 | H31: {=IF(ROW(A31)-H$15 < H$14,A31,IF(ROW(A31) - H$15 -H$16 + 1 < H$14,INDIRECT(ADDRESS(MOD(ROW(A31) - H$15, H$14) + H$15, COLUMN(A31))),""))} -> SCAT | I31: {=IF(ROW(B31)-I$15 < I$14,B31,IF(ROW(B31) - I$15 -I$16 + 1 < I$14,INDIRECT(ADDRESS(MOD(ROW(B31) - I$15, I$14) + I$15, COLUMN(B31))),""))} -> P5 | J31: {=IF(ROW(C31)-J$15 < J$14,C31,IF(ROW(C31) - J$15 -J$16 + 1 < J$14,INDIRECT(ADDRESS(MOD(ROW(C31) - J$15, J$14) + J$15, COLUMN(C31))),""))} -> P2 | K31: {=IF(ROW(D31)-K$15 < K$14,D31,IF(ROW(D31) - K$15 -K$16 + 1 < K$14,INDIRECT(ADDRESS(MOD(ROW(D31) - K$15, K$14) + K$15, COLUMN(D31))),""))} -> P3 | L31: {=IF(ROW(E31)-L$15 < L$14,E31,IF(ROW(E31) - L$15 -L$16 + 1 < L$14,INDIRECT(ADDRESS(MOD(ROW(E31) - L$15, L$14) + L$15, COLUMN(E31))),""))} -> P6 | N31: {=IF(H31<>"", SUMPRODUCT((OFFSET(H31,0,0,H$16,1)=$T$24) +0),"")} -> 0 | O31: {=IF(I31<>"", SUMPRODUCT((OFFSET(I31,0,0,I$16,1)=$T$24) +0),"")} -> 0 | P31: {=IF(J31<>"", SUMPRODUCT((OFFSET(J31,0,0,J$16,1)=$T$24) +0),"")} -> 0 | Q31: {=IF(K31<>"", SUMPRODUCT((OFFSET(K31,0,0,K$16,1)=$T$24) +0),"")} -> 0 | R31: {=IF(L31<>"", SUMPRODUCT((OFFSET(L31,0,0,L$16,1)=$T$24) +0),"")} -> 0 | AB31: =T22 -> P5 | AC31: 4 | AD31: =IF(_xlfn.XLOOKUP($AC31,$AR$18:$AR$22,AS$18:AS$22)=1, _xlfn.XLOOKUP($AB31,$T$18:$T$26,U$18:U$26)+U$25, IF(_xlfn.XLOOKUP($AC31,$AR$18:$AR$22,AS$18:AS$22)=0, U$27-(_xlfn.XLOOKUP($AB31,$T$18:$T$26,U$18:U$26)+U$25), U$27)) -> 14 | AE31: =IF(_xlfn.XLOOKUP($AC31,$AR$18:$AR$22,AT$18:AT$22)=1, _xlfn.XLOOKUP($AB31,$T$18:$T$26,V$18:V$26)+V$25, IF(_xlfn.XLOOKUP($AC31,$AR$18:$AR$22,AT$18:AT$22)=0, V$27-(_xlfn.XLOOKUP($AB31,$T$18:$T$26,V$18:V$26)+V$25), V$27)) -> 15 | AF31: =IF(_xlfn.XLOOKUP($AC31,$AR$18:$AR$22,AU$18:AU$22)=1, _xlfn.XLOOKUP($AB31,$T$18:$T$26,W$18:W$26)+W$25, IF(_xlfn.XLOOKUP($AC31,$AR$18:$AR$22,AU$18:AU$22)=0, W$27-(_xlfn.XLOOKUP($AB31,$T$18:$T$26,W$18:W$26)+W$25), W$27)) -> 16 | AG31: =IF(_xlfn.XLOOKUP($AC31,$AR$18:$AR$22,AV$18:AV$22)=1, _xlfn.XLOOKUP($AB31,$T$18:$T$26,X$18:X$26)+X$25, IF(_xlfn.XLOOKUP($AC31,$AR$18:$AR$22,AV$18:AV$22)=0, X$27-(_xlfn.XLOOKUP($AB31,$T$18:$T$26,X$18:X$26)+X$25), X$27)) -> 15 | AH31: =IF(_xlfn.XLOOKUP($AC31,$AR$18:$AR$22,AW$18:AW$22)=1, _xlfn.XLOOKUP($AB31,$T$18:$T$26,Y$18:Y$26)+Y$25, IF(_xlfn.XLOOKUP($AC31,$AR$18:$AR$22,AW$18:AW$22)=0, Y$27-(_xlfn.XLOOKUP($AB31,$T$18:$T$26,Y$18:Y$26)+Y$25), Y$27)) -> 60 | AI31: =PRODUCT(AD31:AH31) -> 3024000 | AJ31: =AI31/$U$28 -> 0.00091637627 | AK31: =1/AJ31 -> 1091.2548 | AL31: =IFERROR(INDEX(Summary!$C$4:$E$9, MATCH($AB31, Summary!$B$4:$B$9, 0), MATCH($AC31, Summary!$C$3:$E$3, 0)), 0) -> 25
A32: P6 | B32: P3 | C32: P5 | D32: P4 | E32: P1 | H32: {=IF(ROW(A32)-H$15 < H$14,A32,IF(ROW(A32) - H$15 -H$16 + 1 < H$14,INDIRECT(ADDRESS(MOD(ROW(A32) - H$15, H$14) + H$15, COLUMN(A32))),""))} -> P6 | I32: {=IF(ROW(B32)-I$15 < I$14,B32,IF(ROW(B32) - I$15 -I$16 + 1 < I$14,INDIRECT(ADDRESS(MOD(ROW(B32) - I$15, I$14) + I$15, COLUMN(B32))),""))} -> P3 | J32: {=IF(ROW(C32)-J$15 < J$14,C32,IF(ROW(C32) - J$15 -J$16 + 1 < J$14,INDIRECT(ADDRESS(MOD(ROW(C32) - J$15, J$14) + J$15, COLUMN(C32))),""))} -> P5 | K32: {=IF(ROW(D32)-K$15 < K$14,D32,IF(ROW(D32) - K$15 -K$16 + 1 < K$14,INDIRECT(ADDRESS(MOD(ROW(D32) - K$15, K$14) + K$15, COLUMN(D32))),""))} -> P4 | L32: {=IF(ROW(E32)-L$15 < L$14,E32,IF(ROW(E32) - L$15 -L$16 + 1 < L$14,INDIRECT(ADDRESS(MOD(ROW(E32) - L$15, L$14) + L$15, COLUMN(E32))),""))} -> P1 | N32: {=IF(H32<>"", SUMPRODUCT((OFFSET(H32,0,0,H$16,1)=$T$24) +0),"")} -> 0 | O32: {=IF(I32<>"", SUMPRODUCT((OFFSET(I32,0,0,I$16,1)=$T$24) +0),"")} -> 1 | P32: {=IF(J32<>"", SUMPRODUCT((OFFSET(J32,0,0,J$16,1)=$T$24) +0),"")} -> 0 | Q32: {=IF(K32<>"", SUMPRODUCT((OFFSET(K32,0,0,K$16,1)=$T$24) +0),"")} -> 0 | R32: {=IF(L32<>"", SUMPRODUCT((OFFSET(L32,0,0,L$16,1)=$T$24) +0),"")} -> 0 | AB32: =T22 -> P5 | AC32: 3 | AD32: =IF(_xlfn.XLOOKUP($AC32,$AR$18:$AR$22,AS$18:AS$22)=1, _xlfn.XLOOKUP($AB32,$T$18:$T$26,U$18:U$26)+U$25, IF(_xlfn.XLOOKUP($AC32,$AR$18:$AR$22,AS$18:AS$22)=0, U$27-(_xlfn.XLOOKUP($AB32,$T$18:$T$26,U$18:U$26)+U$25), U$27)) -> 14 | AE32: =IF(_xlfn.XLOOKUP($AC32,$AR$18:$AR$22,AT$18:AT$22)=1, _xlfn.XLOOKUP($AB32,$T$18:$T$26,V$18:V$26)+V$25, IF(_xlfn.XLOOKUP($AC32,$AR$18:$AR$22,AT$18:AT$22)=0, V$27-(_xlfn.XLOOKUP($AB32,$T$18:$T$26,V$18:V$26)+V$25), V$27)) -> 15 | AF32: =IF(_xlfn.XLOOKUP($AC32,$AR$18:$AR$22,AU$18:AU$22)=1, _xlfn.XLOOKUP($AB32,$T$18:$T$26,W$18:W$26)+W$25, IF(_xlfn.XLOOKUP($AC32,$AR$18:$AR$22,AU$18:AU$22)=0, W$27-(_xlfn.XLOOKUP($AB32,$T$18:$T$26,W$18:W$26)+W$25), W$27)) -> 16 | AG32: =IF(_xlfn.XLOOKUP($AC32,$AR$18:$AR$22,AV$18:AV$22)=1, _xlfn.XLOOKUP($AB32,$T$18:$T$26,X$18:X$26)+X$25, IF(_xlfn.XLOOKUP($AC32,$AR$18:$AR$22,AV$18:AV$22)=0, X$27-(_xlfn.XLOOKUP($AB32,$T$18:$T$26,X$18:X$26)+X$25), X$27)) -> 61 | AH32: =IF(_xlfn.XLOOKUP($AC32,$AR$18:$AR$22,AW$18:AW$22)=1, _xlfn.XLOOKUP($AB32,$T$18:$T$26,Y$18:Y$26)+Y$25, IF(_xlfn.XLOOKUP($AC32,$AR$18:$AR$22,AW$18:AW$22)=0, Y$27-(_xlfn.XLOOKUP($AB32,$T$18:$T$26,Y$18:Y$26)+Y$25), Y$27)) -> 77 | AI32: =PRODUCT(AD32:AH32) -> 15781920 | AJ32: =AI32/$U$28 -> 0.0047824659 | AK32: =1/AJ32 -> 209.09715 | AL32: =IFERROR(INDEX(Summary!$C$4:$E$9, MATCH($AB32, Summary!$B$4:$B$9, 0), MATCH($AC32, Summary!$C$3:$E$3, 0)), 0) -> 5
A33: P6 | B33: P5 | C33: P1 | D33: P6 | E33: P5 | H33: {=IF(ROW(A33)-H$15 < H$14,A33,IF(ROW(A33) - H$15 -H$16 + 1 < H$14,INDIRECT(ADDRESS(MOD(ROW(A33) - H$15, H$14) + H$15, COLUMN(A33))),""))} -> P6 | I33: {=IF(ROW(B33)-I$15 < I$14,B33,IF(ROW(B33) - I$15 -I$16 + 1 < I$14,INDIRECT(ADDRESS(MOD(ROW(B33) - I$15, I$14) + I$15, COLUMN(B33))),""))} -> P5 | J33: {=IF(ROW(C33)-J$15 < J$14,C33,IF(ROW(C33) - J$15 -J$16 + 1 < J$14,INDIRECT(ADDRESS(MOD(ROW(C33) - J$15, J$14) + J$15, COLUMN(C33))),""))} -> P1 | K33: {=IF(ROW(D33)-K$15 < K$14,D33,IF(ROW(D33) - K$15 -K$16 + 1 < K$14,INDIRECT(ADDRESS(MOD(ROW(D33) - K$15, K$14) + K$15, COLUMN(D33))),""))} -> P6 | L33: {=IF(ROW(E33)-L$15 < L$14,E33,IF(ROW(E33) - L$15 -L$16 + 1 < L$14,INDIRECT(ADDRESS(MOD(ROW(E33) - L$15, L$14) + L$15, COLUMN(E33))),""))} -> P5 | N33: {=IF(H33<>"", SUMPRODUCT((OFFSET(H33,0,0,H$16,1)=$T$24) +0),"")} -> 0 | O33: {=IF(I33<>"", SUMPRODUCT((OFFSET(I33,0,0,I$16,1)=$T$24) +0),"")} -> 1 | P33: {=IF(J33<>"", SUMPRODUCT((OFFSET(J33,0,0,J$16,1)=$T$24) +0),"")} -> 0 | Q33: {=IF(K33<>"", SUMPRODUCT((OFFSET(K33,0,0,K$16,1)=$T$24) +0),"")} -> 0 | R33: {=IF(L33<>"", SUMPRODUCT((OFFSET(L33,0,0,L$16,1)=$T$24) +0),"")} -> 0 | AB33: =T23 -> P6 | AC33: 5 | AD33: =IF(_xlfn.XLOOKUP($AC33,$AR$18:$AR$22,AS$18:AS$22)=1, _xlfn.XLOOKUP($AB33,$T$18:$T$26,U$18:U$26)+U$25, IF(_xlfn.XLOOKUP($AC33,$AR$18:$AR$22,AS$18:AS$22)=0, U$27-(_xlfn.XLOOKUP($AB33,$T$18:$T$26,U$18:U$26)+U$25), U$27)) -> 14 | AE33: =IF(_xlfn.XLOOKUP($AC33,$AR$18:$AR$22,AT$18:AT$22)=1, _xlfn.XLOOKUP($AB33,$T$18:$T$26,V$18:V$26)+V$25, IF(_xlfn.XLOOKUP($AC33,$AR$18:$AR$22,AT$18:AT$22)=0, V$27-(_xlfn.XLOOKUP($AB33,$T$18:$T$26,V$18:V$26)+V$25), V$27)) -> 15 | AF33: =IF(_xlfn.XLOOKUP($AC33,$AR$18:$AR$22,AU$18:AU$22)=1, _xlfn.XLOOKUP($AB33,$T$18:$T$26,W$18:W$26)+W$25, IF(_xlfn.XLOOKUP($AC33,$AR$18:$AR$22,AU$18:AU$22)=0, W$27-(_xlfn.XLOOKUP($AB33,$T$18:$T$26,W$18:W$26)+W$25), W$27)) -> 19 | AG33: =IF(_xlfn.XLOOKUP($AC33,$AR$18:$AR$22,AV$18:AV$22)=1, _xlfn.XLOOKUP($AB33,$T$18:$T$26,X$18:X$26)+X$25, IF(_xlfn.XLOOKUP($AC33,$AR$18:$AR$22,AV$18:AV$22)=0, X$27-(_xlfn.XLOOKUP($AB33,$T$18:$T$26,X$18:X$26)+X$25), X$27)) -> 14 | AH33: =IF(_xlfn.XLOOKUP($AC33,$AR$18:$AR$22,AW$18:AW$22)=1, _xlfn.XLOOKUP($AB33,$T$18:$T$26,Y$18:Y$26)+Y$25, IF(_xlfn.XLOOKUP($AC33,$AR$18:$AR$22,AW$18:AW$22)=0, Y$27-(_xlfn.XLOOKUP($AB33,$T$18:$T$26,Y$18:Y$26)+Y$25), Y$27)) -> 16 | AI33: =PRODUCT(AD33:AH33) -> 893760 | AJ33: =AI33/$U$28 -> 0.0002708401 | AK33: =1/AJ33 -> 3692.2155 | AL33: =IFERROR(INDEX(Summary!$C$4:$E$9, MATCH($AB33, Summary!$B$4:$B$9, 0), MATCH($AC33, Summary!$C$3:$E$3, 0)), 0) -> 100 | AM33: =SUM(AJ33*AL33,AJ34*AL34,AJ35*AL35) -> 0.081759854
A34: P5 | B34: CP | C34: SCAT | D34: P5 | E34: P5 | H34: {=IF(ROW(A34)-H$15 < H$14,A34,IF(ROW(A34) - H$15 -H$16 + 1 < H$14,INDIRECT(ADDRESS(MOD(ROW(A34) - H$15, H$14) + H$15, COLUMN(A34))),""))} -> P5 | I34: {=IF(ROW(B34)-I$15 < I$14,B34,IF(ROW(B34) - I$15 -I$16 + 1 < I$14,INDIRECT(ADDRESS(MOD(ROW(B34) - I$15, I$14) + I$15, COLUMN(B34))),""))} -> CP | J34: {=IF(ROW(C34)-J$15 < J$14,C34,IF(ROW(C34) - J$15 -J$16 + 1 < J$14,INDIRECT(ADDRESS(MOD(ROW(C34) - J$15, J$14) + J$15, COLUMN(C34))),""))} -> SCAT | K34: {=IF(ROW(D34)-K$15 < K$14,D34,IF(ROW(D34) - K$15 -K$16 + 1 < K$14,INDIRECT(ADDRESS(MOD(ROW(D34) - K$15, K$14) + K$15, COLUMN(D34))),""))} -> P5 | L34: {=IF(ROW(E34)-L$15 < L$14,E34,IF(ROW(E34) - L$15 -L$16 + 1 < L$14,INDIRECT(ADDRESS(MOD(ROW(E34) - L$15, L$14) + L$15, COLUMN(E34))),""))} -> P5 | N34: {=IF(H34<>"", SUMPRODUCT((OFFSET(H34,0,0,H$16,1)=$T$24) +0),"")} -> 0 | O34: {=IF(I34<>"", SUMPRODUCT((OFFSET(I34,0,0,I$16,1)=$T$24) +0),"")} -> 1 | P34: {=IF(J34<>"", SUMPRODUCT((OFFSET(J34,0,0,J$16,1)=$T$24) +0),"")} -> 0 | Q34: {=IF(K34<>"", SUMPRODUCT((OFFSET(K34,0,0,K$16,1)=$T$24) +0),"")} -> 0 | R34: {=IF(L34<>"", SUMPRODUCT((OFFSET(L34,0,0,L$16,1)=$T$24) +0),"")} -> 0 | AB34: =T23 -> P6 | AC34: 4 | AD34: =IF(_xlfn.XLOOKUP($AC34,$AR$18:$AR$22,AS$18:AS$22)=1, _xlfn.XLOOKUP($AB34,$T$18:$T$26,U$18:U$26)+U$25, IF(_xlfn.XLOOKUP($AC34,$AR$18:$AR$22,AS$18:AS$22)=0, U$27-(_xlfn.XLOOKUP($AB34,$T$18:$T$26,U$18:U$26)+U$25), U$27)) -> 14 | AE34: =IF(_xlfn.XLOOKUP($AC34,$AR$18:$AR$22,AT$18:AT$22)=1, _xlfn.XLOOKUP($AB34,$T$18:$T$26,V$18:V$26)+V$25, IF(_xlfn.XLOOKUP($AC34,$AR$18:$AR$22,AT$18:AT$22)=0, V$27-(_xlfn.XLOOKUP($AB34,$T$18:$T$26,V$18:V$26)+V$25), V$27)) -> 15 | AF34: =IF(_xlfn.XLOOKUP($AC34,$AR$18:$AR$22,AU$18:AU$22)=1, _xlfn.XLOOKUP($AB34,$T$18:$T$26,W$18:W$26)+W$25, IF(_xlfn.XLOOKUP($AC34,$AR$18:$AR$22,AU$18:AU$22)=0, W$27-(_xlfn.XLOOKUP($AB34,$T$18:$T$26,W$18:W$26)+W$25), W$27)) -> 19 | AG34: =IF(_xlfn.XLOOKUP($AC34,$AR$18:$AR$22,AV$18:AV$22)=1, _xlfn.XLOOKUP($AB34,$T$18:$T$26,X$18:X$26)+X$25, IF(_xlfn.XLOOKUP($AC34,$AR$18:$AR$22,AV$18:AV$22)=0, X$27-(_xlfn.XLOOKUP($AB34,$T$18:$T$26,X$18:X$26)+X$25), X$27)) -> 14 | AH34: =IF(_xlfn.XLOOKUP($AC34,$AR$18:$AR$22,AW$18:AW$22)=1, _xlfn.XLOOKUP($AB34,$T$18:$T$26,Y$18:Y$26)+Y$25, IF(_xlfn.XLOOKUP($AC34,$AR$18:$AR$22,AW$18:AW$22)=0, Y$27-(_xlfn.XLOOKUP($AB34,$T$18:$T$26,Y$18:Y$26)+Y$25), Y$27)) -> 61 | AI34: =PRODUCT(AD34:AH34) -> 3407460 | AJ34: =AI34/$U$28 -> 0.0010325779 | AK34: =1/AJ34 -> 968.44996 | AL34: =IFERROR(INDEX(Summary!$C$4:$E$9, MATCH($AB34, Summary!$B$4:$B$9, 0), MATCH($AC34, Summary!$C$3:$E$3, 0)), 0) -> 25
A35: P3 | B35: P6 | C35: P6 | D35: P3 | E35: P6 | H35: {=IF(ROW(A35)-H$15 < H$14,A35,IF(ROW(A35) - H$15 -H$16 + 1 < H$14,INDIRECT(ADDRESS(MOD(ROW(A35) - H$15, H$14) + H$15, COLUMN(A35))),""))} -> P3 | I35: {=IF(ROW(B35)-I$15 < I$14,B35,IF(ROW(B35) - I$15 -I$16 + 1 < I$14,INDIRECT(ADDRESS(MOD(ROW(B35) - I$15, I$14) + I$15, COLUMN(B35))),""))} -> P6 | J35: {=IF(ROW(C35)-J$15 < J$14,C35,IF(ROW(C35) - J$15 -J$16 + 1 < J$14,INDIRECT(ADDRESS(MOD(ROW(C35) - J$15, J$14) + J$15, COLUMN(C35))),""))} -> P6 | K35: {=IF(ROW(D35)-K$15 < K$14,D35,IF(ROW(D35) - K$15 -K$16 + 1 < K$14,INDIRECT(ADDRESS(MOD(ROW(D35) - K$15, K$14) + K$15, COLUMN(D35))),""))} -> P3 | L35: {=IF(ROW(E35)-L$15 < L$14,E35,IF(ROW(E35) - L$15 -L$16 + 1 < L$14,INDIRECT(ADDRESS(MOD(ROW(E35) - L$15, L$14) + L$15, COLUMN(E35))),""))} -> P6 | N35: {=IF(H35<>"", SUMPRODUCT((OFFSET(H35,0,0,H$16,1)=$T$24) +0),"")} -> 0 | O35: {=IF(I35<>"", SUMPRODUCT((OFFSET(I35,0,0,I$16,1)=$T$24) +0),"")} -> 0 | P35: {=IF(J35<>"", SUMPRODUCT((OFFSET(J35,0,0,J$16,1)=$T$24) +0),"")} -> 0 | Q35: {=IF(K35<>"", SUMPRODUCT((OFFSET(K35,0,0,K$16,1)=$T$24) +0),"")} -> 0 | R35: {=IF(L35<>"", SUMPRODUCT((OFFSET(L35,0,0,L$16,1)=$T$24) +0),"")} -> 0 | AB35: =T23 -> P6 | AC35: 3 | AD35: =IF(_xlfn.XLOOKUP($AC35,$AR$18:$AR$22,AS$18:AS$22)=1, _xlfn.XLOOKUP($AB35,$T$18:$T$26,U$18:U$26)+U$25, IF(_xlfn.XLOOKUP($AC35,$AR$18:$AR$22,AS$18:AS$22)=0, U$27-(_xlfn.XLOOKUP($AB35,$T$18:$T$26,U$18:U$26)+U$25), U$27)) -> 14 | AE35: =IF(_xlfn.XLOOKUP($AC35,$AR$18:$AR$22,AT$18:AT$22)=1, _xlfn.XLOOKUP($AB35,$T$18:$T$26,V$18:V$26)+V$25, IF(_xlfn.XLOOKUP($AC35,$AR$18:$AR$22,AT$18:AT$22)=0, V$27-(_xlfn.XLOOKUP($AB35,$T$18:$T$26,V$18:V$26)+V$25), V$27)) -> 15 | AF35: =IF(_xlfn.XLOOKUP($AC35,$AR$18:$AR$22,AU$18:AU$22)=1, _xlfn.XLOOKUP($AB35,$T$18:$T$26,W$18:W$26)+W$25, IF(_xlfn.XLOOKUP($AC35,$AR$18:$AR$22,AU$18:AU$22)=0, W$27-(_xlfn.XLOOKUP($AB35,$T$18:$T$26,W$18:W$26)+W$25), W$27)) -> 19 | AG35: =IF(_xlfn.XLOOKUP($AC35,$AR$18:$AR$22,AV$18:AV$22)=1, _xlfn.XLOOKUP($AB35,$T$18:$T$26,X$18:X$26)+X$25, IF(_xlfn.XLOOKUP($AC35,$AR$18:$AR$22,AV$18:AV$22)=0, X$27-(_xlfn.XLOOKUP($AB35,$T$18:$T$26,X$18:X$26)+X$25), X$27)) -> 62 | AH35: =IF(_xlfn.XLOOKUP($AC35,$AR$18:$AR$22,AW$18:AW$22)=1, _xlfn.XLOOKUP($AB35,$T$18:$T$26,Y$18:Y$26)+Y$25, IF(_xlfn.XLOOKUP($AC35,$AR$18:$AR$22,AW$18:AW$22)=0, Y$27-(_xlfn.XLOOKUP($AB35,$T$18:$T$26,Y$18:Y$26)+Y$25), Y$27)) -> 77 | AI35: =PRODUCT(AD35:AH35) -> 19048260 | AJ35: =AI35/$U$28 -> 0.0057722796 | AK35: =1/AJ35 -> 173.24178 | AL35: =IFERROR(INDEX(Summary!$C$4:$E$9, MATCH($AB35, Summary!$B$4:$B$9, 0), MATCH($AC35, Summary!$C$3:$E$3, 0)), 0) -> 5
A36: P5 | B36: P5 | C36: P5 | D36: P5 | E36: P4 | H36: {=IF(ROW(A36)-H$15 < H$14,A36,IF(ROW(A36) - H$15 -H$16 + 1 < H$14,INDIRECT(ADDRESS(MOD(ROW(A36) - H$15, H$14) + H$15, COLUMN(A36))),""))} -> P5 | I36: {=IF(ROW(B36)-I$15 < I$14,B36,IF(ROW(B36) - I$15 -I$16 + 1 < I$14,INDIRECT(ADDRESS(MOD(ROW(B36) - I$15, I$14) + I$15, COLUMN(B36))),""))} -> P5 | J36: {=IF(ROW(C36)-J$15 < J$14,C36,IF(ROW(C36) - J$15 -J$16 + 1 < J$14,INDIRECT(ADDRESS(MOD(ROW(C36) - J$15, J$14) + J$15, COLUMN(C36))),""))} -> P5 | K36: {=IF(ROW(D36)-K$15 < K$14,D36,IF(ROW(D36) - K$15 -K$16 + 1 < K$14,INDIRECT(ADDRESS(MOD(ROW(D36) - K$15, K$14) + K$15, COLUMN(D36))),""))} -> P5 | L36: {=IF(ROW(E36)-L$15 < L$14,E36,IF(ROW(E36) - L$15 -L$16 + 1 < L$14,INDIRECT(ADDRESS(MOD(ROW(E36) - L$15, L$14) + L$15, COLUMN(E36))),""))} -> P4 | N36: {=IF(H36<>"", SUMPRODUCT((OFFSET(H36,0,0,H$16,1)=$T$24) +0),"")} -> 0 | O36: {=IF(I36<>"", SUMPRODUCT((OFFSET(I36,0,0,I$16,1)=$T$24) +0),"")} -> 0 | P36: {=IF(J36<>"", SUMPRODUCT((OFFSET(J36,0,0,J$16,1)=$T$24) +0),"")} -> 0 | Q36: {=IF(K36<>"", SUMPRODUCT((OFFSET(K36,0,0,K$16,1)=$T$24) +0),"")} -> 0 | R36: {=IF(L36<>"", SUMPRODUCT((OFFSET(L36,0,0,L$16,1)=$T$24) +0),"")} -> 0 | T36: Probability line | U36: =SUM(AJ18:AJ35)*Summary!C17 -> 0.52314055 | AM36: =SUM(AM18:AM35) -> 0.49591855
A37: P4 | B37: P3 | C37: P5 | D37: P2 | E37: P3 | H37: {=IF(ROW(A37)-H$15 < H$14,A37,IF(ROW(A37) - H$15 -H$16 + 1 < H$14,INDIRECT(ADDRESS(MOD(ROW(A37) - H$15, H$14) + H$15, COLUMN(A37))),""))} -> P4 | I37: {=IF(ROW(B37)-I$15 < I$14,B37,IF(ROW(B37) - I$15 -I$16 + 1 < I$14,INDIRECT(ADDRESS(MOD(ROW(B37) - I$15, I$14) + I$15, COLUMN(B37))),""))} -> P3 | J37: {=IF(ROW(C37)-J$15 < J$14,C37,IF(ROW(C37) - J$15 -J$16 + 1 < J$14,INDIRECT(ADDRESS(MOD(ROW(C37) - J$15, J$14) + J$15, COLUMN(C37))),""))} -> P5 | K37: {=IF(ROW(D37)-K$15 < K$14,D37,IF(ROW(D37) - K$15 -K$16 + 1 < K$14,INDIRECT(ADDRESS(MOD(ROW(D37) - K$15, K$14) + K$15, COLUMN(D37))),""))} -> P2 | L37: {=IF(ROW(E37)-L$15 < L$14,E37,IF(ROW(E37) - L$15 -L$16 + 1 < L$14,INDIRECT(ADDRESS(MOD(ROW(E37) - L$15, L$14) + L$15, COLUMN(E37))),""))} -> P3 | N37: {=IF(H37<>"", SUMPRODUCT((OFFSET(H37,0,0,H$16,1)=$T$24) +0),"")} -> 0 | O37: {=IF(I37<>"", SUMPRODUCT((OFFSET(I37,0,0,I$16,1)=$T$24) +0),"")} -> 0 | P37: {=IF(J37<>"", SUMPRODUCT((OFFSET(J37,0,0,J$16,1)=$T$24) +0),"")} -> 0 | Q37: {=IF(K37<>"", SUMPRODUCT((OFFSET(K37,0,0,K$16,1)=$T$24) +0),"")} -> 0 | R37: {=IF(L37<>"", SUMPRODUCT((OFFSET(L37,0,0,L$16,1)=$T$24) +0),"")} -> 0 | T37: Probability bonus
A38: SCAT | B38: WILD | C38: P6 | D38: P5 | E38: P5 | H38: {=IF(ROW(A38)-H$15 < H$14,A38,IF(ROW(A38) - H$15 -H$16 + 1 < H$14,INDIRECT(ADDRESS(MOD(ROW(A38) - H$15, H$14) + H$15, COLUMN(A38))),""))} -> SCAT | I38: {=IF(ROW(B38)-I$15 < I$14,B38,IF(ROW(B38) - I$15 -I$16 + 1 < I$14,INDIRECT(ADDRESS(MOD(ROW(B38) - I$15, I$14) + I$15, COLUMN(B38))),""))} -> WILD | J38: {=IF(ROW(C38)-J$15 < J$14,C38,IF(ROW(C38) - J$15 -J$16 + 1 < J$14,INDIRECT(ADDRESS(MOD(ROW(C38) - J$15, J$14) + J$15, COLUMN(C38))),""))} -> P6 | K38: {=IF(ROW(D38)-K$15 < K$14,D38,IF(ROW(D38) - K$15 -K$16 + 1 < K$14,INDIRECT(ADDRESS(MOD(ROW(D38) - K$15, K$14) + K$15, COLUMN(D38))),""))} -> P5 | L38: {=IF(ROW(E38)-L$15 < L$14,E38,IF(ROW(E38) - L$15 -L$16 + 1 < L$14,INDIRECT(ADDRESS(MOD(ROW(E38) - L$15, L$14) + L$15, COLUMN(E38))),""))} -> P5 | N38: {=IF(H38<>"", SUMPRODUCT((OFFSET(H38,0,0,H$16,1)=$T$24) +0),"")} -> 0 | O38: {=IF(I38<>"", SUMPRODUCT((OFFSET(I38,0,0,I$16,1)=$T$24) +0),"")} -> 0 | P38: {=IF(J38<>"", SUMPRODUCT((OFFSET(J38,0,0,J$16,1)=$T$24) +0),"")} -> 0 | Q38: {=IF(K38<>"", SUMPRODUCT((OFFSET(K38,0,0,K$16,1)=$T$24) +0),"")} -> 0 | R38: {=IF(L38<>"", SUMPRODUCT((OFFSET(L38,0,0,L$16,1)=$T$24) +0),"")} -> 0 | T38: RTP line | U38: =AM36 -> 0.49591855
A39: P6 | B39: P4 | C39: P4 | D39: P3 | E39: P2 | H39: {=IF(ROW(A39)-H$15 < H$14,A39,IF(ROW(A39) - H$15 -H$16 + 1 < H$14,INDIRECT(ADDRESS(MOD(ROW(A39) - H$15, H$14) + H$15, COLUMN(A39))),""))} -> P6 | I39: {=IF(ROW(B39)-I$15 < I$14,B39,IF(ROW(B39) - I$15 -I$16 + 1 < I$14,INDIRECT(ADDRESS(MOD(ROW(B39) - I$15, I$14) + I$15, COLUMN(B39))),""))} -> P4 | J39: {=IF(ROW(C39)-J$15 < J$14,C39,IF(ROW(C39) - J$15 -J$16 + 1 < J$14,INDIRECT(ADDRESS(MOD(ROW(C39) - J$15, J$14) + J$15, COLUMN(C39))),""))} -> P4 | K39: {=IF(ROW(D39)-K$15 < K$14,D39,IF(ROW(D39) - K$15 -K$16 + 1 < K$14,INDIRECT(ADDRESS(MOD(ROW(D39) - K$15, K$14) + K$15, COLUMN(D39))),""))} -> P3 | L39: {=IF(ROW(E39)-L$15 < L$14,E39,IF(ROW(E39) - L$15 -L$16 + 1 < L$14,INDIRECT(ADDRESS(MOD(ROW(E39) - L$15, L$14) + L$15, COLUMN(E39))),""))} -> P2 | N39: {=IF(H39<>"", SUMPRODUCT((OFFSET(H39,0,0,H$16,1)=$T$24) +0),"")} -> 0 | O39: {=IF(I39<>"", SUMPRODUCT((OFFSET(I39,0,0,I$16,1)=$T$24) +0),"")} -> 0 | P39: {=IF(J39<>"", SUMPRODUCT((OFFSET(J39,0,0,J$16,1)=$T$24) +0),"")} -> 0 | Q39: {=IF(K39<>"", SUMPRODUCT((OFFSET(K39,0,0,K$16,1)=$T$24) +0),"")} -> 0 | R39: {=IF(L39<>"", SUMPRODUCT((OFFSET(L39,0,0,L$16,1)=$T$24) +0),"")} -> 1 | T39: RTP bonus | U39: =AL52 -> 0.15793014 | AG39: Triggers | AH39: RTP
A40: P3 | B40: P5 | C40: SCAT | D40: P4 | E40: SCAT | H40: {=IF(ROW(A40)-H$15 < H$14,A40,IF(ROW(A40) - H$15 -H$16 + 1 < H$14,INDIRECT(ADDRESS(MOD(ROW(A40) - H$15, H$14) + H$15, COLUMN(A40))),""))} -> P3 | I40: {=IF(ROW(B40)-I$15 < I$14,B40,IF(ROW(B40) - I$15 -I$16 + 1 < I$14,INDIRECT(ADDRESS(MOD(ROW(B40) - I$15, I$14) + I$15, COLUMN(B40))),""))} -> P5 | J40: {=IF(ROW(C40)-J$15 < J$14,C40,IF(ROW(C40) - J$15 -J$16 + 1 < J$14,INDIRECT(ADDRESS(MOD(ROW(C40) - J$15, J$14) + J$15, COLUMN(C40))),""))} -> SCAT | K40: {=IF(ROW(D40)-K$15 < K$14,D40,IF(ROW(D40) - K$15 -K$16 + 1 < K$14,INDIRECT(ADDRESS(MOD(ROW(D40) - K$15, K$14) + K$15, COLUMN(D40))),""))} -> P4 | L40: {=IF(ROW(E40)-L$15 < L$14,E40,IF(ROW(E40) - L$15 -L$16 + 1 < L$14,INDIRECT(ADDRESS(MOD(ROW(E40) - L$15, L$14) + L$15, COLUMN(E40))),""))} -> SCAT | N40: {=IF(H40<>"", SUMPRODUCT((OFFSET(H40,0,0,H$16,1)=$T$24) +0),"")} -> 0 | O40: {=IF(I40<>"", SUMPRODUCT((OFFSET(I40,0,0,I$16,1)=$T$24) +0),"")} -> 0 | P40: {=IF(J40<>"", SUMPRODUCT((OFFSET(J40,0,0,J$16,1)=$T$24) +0),"")} -> 0 | Q40: {=IF(K40<>"", SUMPRODUCT((OFFSET(K40,0,0,K$16,1)=$T$24) +0),"")} -> 0 | R40: {=IF(L40<>"", SUMPRODUCT((OFFSET(L40,0,0,L$16,1)=$T$24) +0),"")} -> 2 | T40: RTP freespins | U40: =AH42 -> 0.10926498 | AB40: SCAT | AC40: 5 | AD40: =U26*H16*I16*J16*K16*L16*V26*W26*X26*Y26 -> 0 | AE40: =AD40/$U$28 -> 0 | AF40: =1/AE40 -> #DIV/0! | AG40: 7 | AH40: =AG40*Freespins!$U$40*AE40 -> 0
A41: P6 | B41: P2 | C41: P3 | D41: P5 | E41: CP | H41: {=IF(ROW(A41)-H$15 < H$14,A41,IF(ROW(A41) - H$15 -H$16 + 1 < H$14,INDIRECT(ADDRESS(MOD(ROW(A41) - H$15, H$14) + H$15, COLUMN(A41))),""))} -> P6 | I41: {=IF(ROW(B41)-I$15 < I$14,B41,IF(ROW(B41) - I$15 -I$16 + 1 < I$14,INDIRECT(ADDRESS(MOD(ROW(B41) - I$15, I$14) + I$15, COLUMN(B41))),""))} -> P2 | J41: {=IF(ROW(C41)-J$15 < J$14,C41,IF(ROW(C41) - J$15 -J$16 + 1 < J$14,INDIRECT(ADDRESS(MOD(ROW(C41) - J$15, J$14) + J$15, COLUMN(C41))),""))} -> P3 | K41: {=IF(ROW(D41)-K$15 < K$14,D41,IF(ROW(D41) - K$15 -K$16 + 1 < K$14,INDIRECT(ADDRESS(MOD(ROW(D41) - K$15, K$14) + K$15, COLUMN(D41))),""))} -> P5 | L41: {=IF(ROW(E41)-L$15 < L$14,E41,IF(ROW(E41) - L$15 -L$16 + 1 < L$14,INDIRECT(ADDRESS(MOD(ROW(E41) - L$15, L$14) + L$15, COLUMN(E41))),""))} -> CP | N41: {=IF(H41<>"", SUMPRODUCT((OFFSET(H41,0,0,H$16,1)=$T$24) +0),"")} -> 0 | O41: {=IF(I41<>"", SUMPRODUCT((OFFSET(I41,0,0,I$16,1)=$T$24) +0),"")} -> 0 | P41: {=IF(J41<>"", SUMPRODUCT((OFFSET(J41,0,0,J$16,1)=$T$24) +0),"")} -> 0 | Q41: {=IF(K41<>"", SUMPRODUCT((OFFSET(K41,0,0,K$16,1)=$T$24) +0),"")} -> 0 | R41: {=IF(L41<>"", SUMPRODUCT((OFFSET(L41,0,0,L$16,1)=$T$24) +0),"")} -> 2 | T41: Total RTP | U41: =SUM(U38:U40) -> 0.76311367 | AB41: SCAT | AC41: 4 | AD41: =(U26*$H$16*V26*$I$16*W26*$J$16*X26*$K$16*(Y27-Y26)*$L$16)+(U26*$H$16*V26*$I$16*W26*$J$16*(X27-X26)*$K$16*Y26*$L$16)+(U26*$H$16*V26*$I$16*(W27-W26)*$J$16*X26*$K$16*Y26*$L$16)+(U26*$H$16*(V27-V26)*$I$16*W26*$J$16*X26*$K$16*Y26*$L$16)+((U27-U26)*$H$16*V26*$I$16*W26*$J$16*X26*$K$16*Y26*$L$16) -> 0 | AE41: =AD41/$U$28 -> 0 | AF41: =1/AE41 -> #DIV/0! | AG41: 5 | AH41: =AG41*Freespins!$U$40*AE41 -> 0
A42: P3 | B42: P5 | C42: P5 | D42: P6 | E42: CP | H42: {=IF(ROW(A42)-H$15 < H$14,A42,IF(ROW(A42) - H$15 -H$16 + 1 < H$14,INDIRECT(ADDRESS(MOD(ROW(A42) - H$15, H$14) + H$15, COLUMN(A42))),""))} -> P3 | I42: {=IF(ROW(B42)-I$15 < I$14,B42,IF(ROW(B42) - I$15 -I$16 + 1 < I$14,INDIRECT(ADDRESS(MOD(ROW(B42) - I$15, I$14) + I$15, COLUMN(B42))),""))} -> P5 | J42: {=IF(ROW(C42)-J$15 < J$14,C42,IF(ROW(C42) - J$15 -J$16 + 1 < J$14,INDIRECT(ADDRESS(MOD(ROW(C42) - J$15, J$14) + J$15, COLUMN(C42))),""))} -> P5 | K42: {=IF(ROW(D42)-K$15 < K$14,D42,IF(ROW(D42) - K$15 -K$16 + 1 < K$14,INDIRECT(ADDRESS(MOD(ROW(D42) - K$15, K$14) + K$15, COLUMN(D42))),""))} -> P6 | L42: {=IF(ROW(E42)-L$15 < L$14,E42,IF(ROW(E42) - L$15 -L$16 + 1 < L$14,INDIRECT(ADDRESS(MOD(ROW(E42) - L$15, L$14) + L$15, COLUMN(E42))),""))} -> CP | N42: {=IF(H42<>"", SUMPRODUCT((OFFSET(H42,0,0,H$16,1)=$T$24) +0),"")} -> 0 | O42: {=IF(I42<>"", SUMPRODUCT((OFFSET(I42,0,0,I$16,1)=$T$24) +0),"")} -> 0 | P42: {=IF(J42<>"", SUMPRODUCT((OFFSET(J42,0,0,J$16,1)=$T$24) +0),"")} -> 0 | Q42: {=IF(K42<>"", SUMPRODUCT((OFFSET(K42,0,0,K$16,1)=$T$24) +0),"")} -> 0 | R42: {=IF(L42<>"", SUMPRODUCT((OFFSET(L42,0,0,L$16,1)=$T$24) +0),"")} -> 1 | AB42: SCAT | AC42: 3 | AD42: =U26*H16*V27*X27*W26*Y26*L16*J16 -> 12158100 | AE42: =AD42/$U$28 -> 0.0036843235 | AF42: =1/AE42 -> 271.42025 | AG42: 5 | AH42: =AG42*Freespins!$U$40*AE42 -> 0.10926498
A43: P4 | B43: P3 | C43: P2 | D43: P5 | E43: P6 | H43: {=IF(ROW(A43)-H$15 < H$14,A43,IF(ROW(A43) - H$15 -H$16 + 1 < H$14,INDIRECT(ADDRESS(MOD(ROW(A43) - H$15, H$14) + H$15, COLUMN(A43))),""))} -> P4 | I43: {=IF(ROW(B43)-I$15 < I$14,B43,IF(ROW(B43) - I$15 -I$16 + 1 < I$14,INDIRECT(ADDRESS(MOD(ROW(B43) - I$15, I$14) + I$15, COLUMN(B43))),""))} -> P3 | J43: {=IF(ROW(C43)-J$15 < J$14,C43,IF(ROW(C43) - J$15 -J$16 + 1 < J$14,INDIRECT(ADDRESS(MOD(ROW(C43) - J$15, J$14) + J$15, COLUMN(C43))),""))} -> P2 | K43: {=IF(ROW(D43)-K$15 < K$14,D43,IF(ROW(D43) - K$15 -K$16 + 1 < K$14,INDIRECT(ADDRESS(MOD(ROW(D43) - K$15, K$14) + K$15, COLUMN(D43))),""))} -> P5 | L43: {=IF(ROW(E43)-L$15 < L$14,E43,IF(ROW(E43) - L$15 -L$16 + 1 < L$14,INDIRECT(ADDRESS(MOD(ROW(E43) - L$15, L$14) + L$15, COLUMN(E43))),""))} -> P6 | N43: {=IF(H43<>"", SUMPRODUCT((OFFSET(H43,0,0,H$16,1)=$T$24) +0),"")} -> 1 | O43: {=IF(I43<>"", SUMPRODUCT((OFFSET(I43,0,0,I$16,1)=$T$24) +0),"")} -> 0 | P43: {=IF(J43<>"", SUMPRODUCT((OFFSET(J43,0,0,J$16,1)=$T$24) +0),"")} -> 0 | Q43: {=IF(K43<>"", SUMPRODUCT((OFFSET(K43,0,0,K$16,1)=$T$24) +0),"")} -> 0 | R43: {=IF(L43<>"", SUMPRODUCT((OFFSET(L43,0,0,L$16,1)=$T$24) +0),"")} -> 0
A44: P5 | B44: P4 | C44: P6 | D44: P1 | E44: P6 | H44: {=IF(ROW(A44)-H$15 < H$14,A44,IF(ROW(A44) - H$15 -H$16 + 1 < H$14,INDIRECT(ADDRESS(MOD(ROW(A44) - H$15, H$14) + H$15, COLUMN(A44))),""))} -> P5 | I44: {=IF(ROW(B44)-I$15 < I$14,B44,IF(ROW(B44) - I$15 -I$16 + 1 < I$14,INDIRECT(ADDRESS(MOD(ROW(B44) - I$15, I$14) + I$15, COLUMN(B44))),""))} -> P4 | J44: {=IF(ROW(C44)-J$15 < J$14,C44,IF(ROW(C44) - J$15 -J$16 + 1 < J$14,INDIRECT(ADDRESS(MOD(ROW(C44) - J$15, J$14) + J$15, COLUMN(C44))),""))} -> P6 | K44: {=IF(ROW(D44)-K$15 < K$14,D44,IF(ROW(D44) - K$15 -K$16 + 1 < K$14,INDIRECT(ADDRESS(MOD(ROW(D44) - K$15, K$14) + K$15, COLUMN(D44))),""))} -> P1 | L44: {=IF(ROW(E44)-L$15 < L$14,E44,IF(ROW(E44) - L$15 -L$16 + 1 < L$14,INDIRECT(ADDRESS(MOD(ROW(E44) - L$15, L$14) + L$15, COLUMN(E44))),""))} -> P6 | N44: {=IF(H44<>"", SUMPRODUCT((OFFSET(H44,0,0,H$16,1)=$T$24) +0),"")} -> 2 | O44: {=IF(I44<>"", SUMPRODUCT((OFFSET(I44,0,0,I$16,1)=$T$24) +0),"")} -> 0 | P44: {=IF(J44<>"", SUMPRODUCT((OFFSET(J44,0,0,J$16,1)=$T$24) +0),"")} -> 1 | Q44: {=IF(K44<>"", SUMPRODUCT((OFFSET(K44,0,0,K$16,1)=$T$24) +0),"")} -> 0 | R44: {=IF(L44<>"", SUMPRODUCT((OFFSET(L44,0,0,L$16,1)=$T$24) +0),"")} -> 0
A45: CP | B45: P4 | C45: SCAT | D45: WILD | E45: P2 | H45: {=IF(ROW(A45)-H$15 < H$14,A45,IF(ROW(A45) - H$15 -H$16 + 1 < H$14,INDIRECT(ADDRESS(MOD(ROW(A45) - H$15, H$14) + H$15, COLUMN(A45))),""))} -> CP | I45: {=IF(ROW(B45)-I$15 < I$14,B45,IF(ROW(B45) - I$15 -I$16 + 1 < I$14,INDIRECT(ADDRESS(MOD(ROW(B45) - I$15, I$14) + I$15, COLUMN(B45))),""))} -> P4 | J45: {=IF(ROW(C45)-J$15 < J$14,C45,IF(ROW(C45) - J$15 -J$16 + 1 < J$14,INDIRECT(ADDRESS(MOD(ROW(C45) - J$15, J$14) + J$15, COLUMN(C45))),""))} -> SCAT | K45: {=IF(ROW(D45)-K$15 < K$14,D45,IF(ROW(D45) - K$15 -K$16 + 1 < K$14,INDIRECT(ADDRESS(MOD(ROW(D45) - K$15, K$14) + K$15, COLUMN(D45))),""))} -> WILD | L45: {=IF(ROW(E45)-L$15 < L$14,E45,IF(ROW(E45) - L$15 -L$16 + 1 < L$14,INDIRECT(ADDRESS(MOD(ROW(E45) - L$15, L$14) + L$15, COLUMN(E45))),""))} -> P2 | N45: {=IF(H45<>"", SUMPRODUCT((OFFSET(H45,0,0,H$16,1)=$T$24) +0),"")} -> 2 | O45: {=IF(I45<>"", SUMPRODUCT((OFFSET(I45,0,0,I$16,1)=$T$24) +0),"")} -> 0 | P45: {=IF(J45<>"", SUMPRODUCT((OFFSET(J45,0,0,J$16,1)=$T$24) +0),"")} -> 2 | Q45: {=IF(K45<>"", SUMPRODUCT((OFFSET(K45,0,0,K$16,1)=$T$24) +0),"")} -> 0 | R45: {=IF(L45<>"", SUMPRODUCT((OFFSET(L45,0,0,L$16,1)=$T$24) +0),"")} -> 0
A46: CP | B46: P5 | C46: CP | D46: P4 | E46: P4 | H46: {=IF(ROW(A46)-H$15 < H$14,A46,IF(ROW(A46) - H$15 -H$16 + 1 < H$14,INDIRECT(ADDRESS(MOD(ROW(A46) - H$15, H$14) + H$15, COLUMN(A46))),""))} -> CP | I46: {=IF(ROW(B46)-I$15 < I$14,B46,IF(ROW(B46) - I$15 -I$16 + 1 < I$14,INDIRECT(ADDRESS(MOD(ROW(B46) - I$15, I$14) + I$15, COLUMN(B46))),""))} -> P5 | J46: {=IF(ROW(C46)-J$15 < J$14,C46,IF(ROW(C46) - J$15 -J$16 + 1 < J$14,INDIRECT(ADDRESS(MOD(ROW(C46) - J$15, J$14) + J$15, COLUMN(C46))),""))} -> CP | K46: {=IF(ROW(D46)-K$15 < K$14,D46,IF(ROW(D46) - K$15 -K$16 + 1 < K$14,INDIRECT(ADDRESS(MOD(ROW(D46) - K$15, K$14) + K$15, COLUMN(D46))),""))} -> P4 | L46: {=IF(ROW(E46)-L$15 < L$14,E46,IF(ROW(E46) - L$15 -L$16 + 1 < L$14,INDIRECT(ADDRESS(MOD(ROW(E46) - L$15, L$14) + L$15, COLUMN(E46))),""))} -> P4 | N46: {=IF(H46<>"", SUMPRODUCT((OFFSET(H46,0,0,H$16,1)=$T$24) +0),"")} -> 1 | O46: {=IF(I46<>"", SUMPRODUCT((OFFSET(I46,0,0,I$16,1)=$T$24) +0),"")} -> 0 | P46: {=IF(J46<>"", SUMPRODUCT((OFFSET(J46,0,0,J$16,1)=$T$24) +0),"")} -> 2 | Q46: {=IF(K46<>"", SUMPRODUCT((OFFSET(K46,0,0,K$16,1)=$T$24) +0),"")} -> 0 | R46: {=IF(L46<>"", SUMPRODUCT((OFFSET(L46,0,0,L$16,1)=$T$24) +0),"")} -> 0
A47: P2 | B47: P1 | C47: CP | D47: P4 | E47: P5 | H47: {=IF(ROW(A47)-H$15 < H$14,A47,IF(ROW(A47) - H$15 -H$16 + 1 < H$14,INDIRECT(ADDRESS(MOD(ROW(A47) - H$15, H$14) + H$15, COLUMN(A47))),""))} -> P2 | I47: {=IF(ROW(B47)-I$15 < I$14,B47,IF(ROW(B47) - I$15 -I$16 + 1 < I$14,INDIRECT(ADDRESS(MOD(ROW(B47) - I$15, I$14) + I$15, COLUMN(B47))),""))} -> P1 | J47: {=IF(ROW(C47)-J$15 < J$14,C47,IF(ROW(C47) - J$15 -J$16 + 1 < J$14,INDIRECT(ADDRESS(MOD(ROW(C47) - J$15, J$14) + J$15, COLUMN(C47))),""))} -> CP | K47: {=IF(ROW(D47)-K$15 < K$14,D47,IF(ROW(D47) - K$15 -K$16 + 1 < K$14,INDIRECT(ADDRESS(MOD(ROW(D47) - K$15, K$14) + K$15, COLUMN(D47))),""))} -> P4 | L47: {=IF(ROW(E47)-L$15 < L$14,E47,IF(ROW(E47) - L$15 -L$16 + 1 < L$14,INDIRECT(ADDRESS(MOD(ROW(E47) - L$15, L$14) + L$15, COLUMN(E47))),""))} -> P5 | N47: {=IF(H47<>"", SUMPRODUCT((OFFSET(H47,0,0,H$16,1)=$T$24) +0),"")} -> 0 | O47: {=IF(I47<>"", SUMPRODUCT((OFFSET(I47,0,0,I$16,1)=$T$24) +0),"")} -> 0 | P47: {=IF(J47<>"", SUMPRODUCT((OFFSET(J47,0,0,J$16,1)=$T$24) +0),"")} -> 1 | Q47: {=IF(K47<>"", SUMPRODUCT((OFFSET(K47,0,0,K$16,1)=$T$24) +0),"")} -> 0 | R47: {=IF(L47<>"", SUMPRODUCT((OFFSET(L47,0,0,L$16,1)=$T$24) +0),"")} -> 0
A48: SCAT | B48: P3 | C48: P2 | D48: P5 | E48: P1 | H48: {=IF(ROW(A48)-H$15 < H$14,A48,IF(ROW(A48) - H$15 -H$16 + 1 < H$14,INDIRECT(ADDRESS(MOD(ROW(A48) - H$15, H$14) + H$15, COLUMN(A48))),""))} -> SCAT | I48: {=IF(ROW(B48)-I$15 < I$14,B48,IF(ROW(B48) - I$15 -I$16 + 1 < I$14,INDIRECT(ADDRESS(MOD(ROW(B48) - I$15, I$14) + I$15, COLUMN(B48))),""))} -> P3 | J48: {=IF(ROW(C48)-J$15 < J$14,C48,IF(ROW(C48) - J$15 -J$16 + 1 < J$14,INDIRECT(ADDRESS(MOD(ROW(C48) - J$15, J$14) + J$15, COLUMN(C48))),""))} -> P2 | K48: {=IF(ROW(D48)-K$15 < K$14,D48,IF(ROW(D48) - K$15 -K$16 + 1 < K$14,INDIRECT(ADDRESS(MOD(ROW(D48) - K$15, K$14) + K$15, COLUMN(D48))),""))} -> P5 | L48: {=IF(ROW(E48)-L$15 < L$14,E48,IF(ROW(E48) - L$15 -L$16 + 1 < L$14,INDIRECT(ADDRESS(MOD(ROW(E48) - L$15, L$14) + L$15, COLUMN(E48))),""))} -> P1 | N48: {=IF(H48<>"", SUMPRODUCT((OFFSET(H48,0,0,H$16,1)=$T$24) +0),"")} -> 0 | O48: {=IF(I48<>"", SUMPRODUCT((OFFSET(I48,0,0,I$16,1)=$T$24) +0),"")} -> 0 | P48: {=IF(J48<>"", SUMPRODUCT((OFFSET(J48,0,0,J$16,1)=$T$24) +0),"")} -> 0 | Q48: {=IF(K48<>"", SUMPRODUCT((OFFSET(K48,0,0,K$16,1)=$T$24) +0),"")} -> 0 | R48: {=IF(L48<>"", SUMPRODUCT((OFFSET(L48,0,0,L$16,1)=$T$24) +0),"")} -> 0
A49: P6 | B49: P5 | C49: WILD | D49: P3 | E49: P4 | H49: {=IF(ROW(A49)-H$15 < H$14,A49,IF(ROW(A49) - H$15 -H$16 + 1 < H$14,INDIRECT(ADDRESS(MOD(ROW(A49) - H$15, H$14) + H$15, COLUMN(A49))),""))} -> P6 | I49: {=IF(ROW(B49)-I$15 < I$14,B49,IF(ROW(B49) - I$15 -I$16 + 1 < I$14,INDIRECT(ADDRESS(MOD(ROW(B49) - I$15, I$14) + I$15, COLUMN(B49))),""))} -> P5 | J49: {=IF(ROW(C49)-J$15 < J$14,C49,IF(ROW(C49) - J$15 -J$16 + 1 < J$14,INDIRECT(ADDRESS(MOD(ROW(C49) - J$15, J$14) + J$15, COLUMN(C49))),""))} -> WILD | K49: {=IF(ROW(D49)-K$15 < K$14,D49,IF(ROW(D49) - K$15 -K$16 + 1 < K$14,INDIRECT(ADDRESS(MOD(ROW(D49) - K$15, K$14) + K$15, COLUMN(D49))),""))} -> P3 | L49: {=IF(ROW(E49)-L$15 < L$14,E49,IF(ROW(E49) - L$15 -L$16 + 1 < L$14,INDIRECT(ADDRESS(MOD(ROW(E49) - L$15, L$14) + L$15, COLUMN(E49))),""))} -> P4 | N49: {=IF(H49<>"", SUMPRODUCT((OFFSET(H49,0,0,H$16,1)=$T$24) +0),"")} -> 1 | O49: {=IF(I49<>"", SUMPRODUCT((OFFSET(I49,0,0,I$16,1)=$T$24) +0),"")} -> 0 | P49: {=IF(J49<>"", SUMPRODUCT((OFFSET(J49,0,0,J$16,1)=$T$24) +0),"")} -> 0 | Q49: {=IF(K49<>"", SUMPRODUCT((OFFSET(K49,0,0,K$16,1)=$T$24) +0),"")} -> 0 | R49: {=IF(L49<>"", SUMPRODUCT((OFFSET(L49,0,0,L$16,1)=$T$24) +0),"")} -> 1
A50: P5 | B50: P2 | C50: P4 | D50: P1 | E50: P5 | H50: {=IF(ROW(A50)-H$15 < H$14,A50,IF(ROW(A50) - H$15 -H$16 + 1 < H$14,INDIRECT(ADDRESS(MOD(ROW(A50) - H$15, H$14) + H$15, COLUMN(A50))),""))} -> P5 | I50: {=IF(ROW(B50)-I$15 < I$14,B50,IF(ROW(B50) - I$15 -I$16 + 1 < I$14,INDIRECT(ADDRESS(MOD(ROW(B50) - I$15, I$14) + I$15, COLUMN(B50))),""))} -> P2 | J50: {=IF(ROW(C50)-J$15 < J$14,C50,IF(ROW(C50) - J$15 -J$16 + 1 < J$14,INDIRECT(ADDRESS(MOD(ROW(C50) - J$15, J$14) + J$15, COLUMN(C50))),""))} -> P4 | K50: {=IF(ROW(D50)-K$15 < K$14,D50,IF(ROW(D50) - K$15 -K$16 + 1 < K$14,INDIRECT(ADDRESS(MOD(ROW(D50) - K$15, K$14) + K$15, COLUMN(D50))),""))} -> P1 | L50: {=IF(ROW(E50)-L$15 < L$14,E50,IF(ROW(E50) - L$15 -L$16 + 1 < L$14,INDIRECT(ADDRESS(MOD(ROW(E50) - L$15, L$14) + L$15, COLUMN(E50))),""))} -> P5 | N50: {=IF(H50<>"", SUMPRODUCT((OFFSET(H50,0,0,H$16,1)=$T$24) +0),"")} -> 2 | O50: {=IF(I50<>"", SUMPRODUCT((OFFSET(I50,0,0,I$16,1)=$T$24) +0),"")} -> 0 | P50: {=IF(J50<>"", SUMPRODUCT((OFFSET(J50,0,0,J$16,1)=$T$24) +0),"")} -> 0 | Q50: {=IF(K50<>"", SUMPRODUCT((OFFSET(K50,0,0,K$16,1)=$T$24) +0),"")} -> 0 | R50: {=IF(L50<>"", SUMPRODUCT((OFFSET(L50,0,0,L$16,1)=$T$24) +0),"")} -> 1 | T50: #CP | U50: Reel 1 | V50: Reel 2 | W50: Reel 3 | X50: Reel 4 | Y50: Reel 5 | AB50: =1 -> 1 | AC50: =AB50*(H16+1) -> 4 | AD50: =AC50*(I16+1) -> 16 | AE50: =AD50*(J16+1) -> 64 | AF50: =AE50*(K16+1) -> 256
A51: CP | B51: P4 | C51: P6 | D51: P5 | E51: CP | H51: {=IF(ROW(A51)-H$15 < H$14,A51,IF(ROW(A51) - H$15 -H$16 + 1 < H$14,INDIRECT(ADDRESS(MOD(ROW(A51) - H$15, H$14) + H$15, COLUMN(A51))),""))} -> CP | I51: {=IF(ROW(B51)-I$15 < I$14,B51,IF(ROW(B51) - I$15 -I$16 + 1 < I$14,INDIRECT(ADDRESS(MOD(ROW(B51) - I$15, I$14) + I$15, COLUMN(B51))),""))} -> P4 | J51: {=IF(ROW(C51)-J$15 < J$14,C51,IF(ROW(C51) - J$15 -J$16 + 1 < J$14,INDIRECT(ADDRESS(MOD(ROW(C51) - J$15, J$14) + J$15, COLUMN(C51))),""))} -> P6 | K51: {=IF(ROW(D51)-K$15 < K$14,D51,IF(ROW(D51) - K$15 -K$16 + 1 < K$14,INDIRECT(ADDRESS(MOD(ROW(D51) - K$15, K$14) + K$15, COLUMN(D51))),""))} -> P5 | L51: {=IF(ROW(E51)-L$15 < L$14,E51,IF(ROW(E51) - L$15 -L$16 + 1 < L$14,INDIRECT(ADDRESS(MOD(ROW(E51) - L$15, L$14) + L$15, COLUMN(E51))),""))} -> CP | N51: {=IF(H51<>"", SUMPRODUCT((OFFSET(H51,0,0,H$16,1)=$T$24) +0),"")} -> 2 | O51: {=IF(I51<>"", SUMPRODUCT((OFFSET(I51,0,0,I$16,1)=$T$24) +0),"")} -> 0 | P51: {=IF(J51<>"", SUMPRODUCT((OFFSET(J51,0,0,J$16,1)=$T$24) +0),"")} -> 0 | Q51: {=IF(K51<>"", SUMPRODUCT((OFFSET(K51,0,0,K$16,1)=$T$24) +0),"")} -> 0 | R51: {=IF(L51<>"", SUMPRODUCT((OFFSET(L51,0,0,L$16,1)=$T$24) +0),"")} -> 1 | T51: 0 | U51: =COUNTIF(N:N,$T51) -> 64 | V51: =COUNTIF(O:O,$T51) -> 59 | W51: =COUNTIF(P:P,$T51) -> 61 | X51: =COUNTIF(Q:Q,$T51) -> 63 | Y51: =COUNTIF(R:R,$T51) -> 61 | AA51: =ROW(AA52) -> 52 | AB51: Matrika bonus simbolov | AG51: CP count sum | AH51: Probability | AI51: Awards | AJ51: RTP | AL51: CP RTP
A52: CP | B52: P6 | C52: P5 | D52: P6 | E52: WILD | H52: {=IF(ROW(A52)-H$15 < H$14,A52,IF(ROW(A52) - H$15 -H$16 + 1 < H$14,INDIRECT(ADDRESS(MOD(ROW(A52) - H$15, H$14) + H$15, COLUMN(A52))),""))} -> CP | I52: {=IF(ROW(B52)-I$15 < I$14,B52,IF(ROW(B52) - I$15 -I$16 + 1 < I$14,INDIRECT(ADDRESS(MOD(ROW(B52) - I$15, I$14) + I$15, COLUMN(B52))),""))} -> P6 | J52: {=IF(ROW(C52)-J$15 < J$14,C52,IF(ROW(C52) - J$15 -J$16 + 1 < J$14,INDIRECT(ADDRESS(MOD(ROW(C52) - J$15, J$14) + J$15, COLUMN(C52))),""))} -> P5 | K52: {=IF(ROW(D52)-K$15 < K$14,D52,IF(ROW(D52) - K$15 -K$16 + 1 < K$14,INDIRECT(ADDRESS(MOD(ROW(D52) - K$15, K$14) + K$15, COLUMN(D52))),""))} -> P6 | L52: {=IF(ROW(E52)-L$15 < L$14,E52,IF(ROW(E52) - L$15 -L$16 + 1 < L$14,INDIRECT(ADDRESS(MOD(ROW(E52) - L$15, L$14) + L$15, COLUMN(E52))),""))} -> WILD | N52: {=IF(H52<>"", SUMPRODUCT((OFFSET(H52,0,0,H$16,1)=$T$24) +0),"")} -> 1 | O52: {=IF(I52<>"", SUMPRODUCT((OFFSET(I52,0,0,I$16,1)=$T$24) +0),"")} -> 0 | P52: {=IF(J52<>"", SUMPRODUCT((OFFSET(J52,0,0,J$16,1)=$T$24) +0),"")} -> 0 | Q52: {=IF(K52<>"", SUMPRODUCT((OFFSET(K52,0,0,K$16,1)=$T$24) +0),"")} -> 0 | R52: {=IF(L52<>"", SUMPRODUCT((OFFSET(L52,0,0,L$16,1)=$T$24) +0),"")} -> 1 | T52: 1 | U52: =COUNTIF(N:N,$T52) -> 12 | V52: =COUNTIF(O:O,$T52) -> 18 | W52: =COUNTIF(P:P,$T52) -> 14 | X52: =COUNTIF(Q:Q,$T52) -> 9 | Y52: =COUNTIF(R:R,$T52) -> 12 | AB52: =IF(ROW()-$AA$51 < (H$16+1)^5, MOD(_xlfn.FLOOR.MATH((ROW()-$AA$51)/AB$50), H$16+1), "") -> 0 | AC52: =IF(ROW()-$AA$51 < (I$16+1)^5, MOD(_xlfn.FLOOR.MATH((ROW()-$AA$51)/AC$50), I$16+1), "") -> 0 | AD52: =IF(ROW()-$AA$51 < (J$16+1)^5, MOD(_xlfn.FLOOR.MATH((ROW()-$AA$51)/AD$50), J$16+1), "") -> 0 | AE52: =IF(ROW()-$AA$51 < (K$16+1)^5, MOD(_xlfn.FLOOR.MATH((ROW()-$AA$51)/AE$50), K$16+1), "") -> 0 | AF52: =IF(ROW()-$AA$51 < (L$16+1)^5, MOD(_xlfn.FLOOR.MATH((ROW()-$AA$51)/AF$50), L$16+1), "") -> 0 | AG52: =IF(ROW($AA52) - $AA$51 < ($H$16+1)^5, SUM(AB52:AF52), "") -> 0 | AH52: =IF(ROW($AA52) - $AA$51 < (4)^5, (_xlfn.XLOOKUP(AB52,$T$51:$T$55,U$51:U$55,0)/U$27) * (_xlfn.XLOOKUP(AC52,$T$51:$T$55,V$51:V$55,0)/V$27) * (_xlfn.XLOOKUP(AD52,$T$51:$T$55,W$51:W$55,0)/W$27) * (_xlfn.XLOOKUP(AE52,$T$51:$T$55,X$51:X$55,0)/X$27) * (_xlfn.XLOOKUP(AF52,$T$51:$T$55,Y$51:Y$55,0)/Y$27), "") -> 0.26824044 | AI52: =IF(ROW($AA52) - $AA$51 < ($H$16+1)^5, IF(AG52 >= BaseBonus!$C$16, AG52*BaseBonus!$E$31, 0), "") -> 0 | AJ52: =IF(ROW($AA52) - $AA$51 < ($H$16+1)^5, AH52*AI52, "") -> 0 | AL52: =SUM(AJ52:AJ1019) -> 0.15793014
A53: P6 | B53: P6 | C53: P1 | D53: P4 | E53: P6 | H53: {=IF(ROW(A53)-H$15 < H$14,A53,IF(ROW(A53) - H$15 -H$16 + 1 < H$14,INDIRECT(ADDRESS(MOD(ROW(A53) - H$15, H$14) + H$15, COLUMN(A53))),""))} -> P6 | I53: {=IF(ROW(B53)-I$15 < I$14,B53,IF(ROW(B53) - I$15 -I$16 + 1 < I$14,INDIRECT(ADDRESS(MOD(ROW(B53) - I$15, I$14) + I$15, COLUMN(B53))),""))} -> P6 | J53: {=IF(ROW(C53)-J$15 < J$14,C53,IF(ROW(C53) - J$15 -J$16 + 1 < J$14,INDIRECT(ADDRESS(MOD(ROW(C53) - J$15, J$14) + J$15, COLUMN(C53))),""))} -> P1 | K53: {=IF(ROW(D53)-K$15 < K$14,D53,IF(ROW(D53) - K$15 -K$16 + 1 < K$14,INDIRECT(ADDRESS(MOD(ROW(D53) - K$15, K$14) + K$15, COLUMN(D53))),""))} -> P4 | L53: {=IF(ROW(E53)-L$15 < L$14,E53,IF(ROW(E53) - L$15 -L$16 + 1 < L$14,INDIRECT(ADDRESS(MOD(ROW(E53) - L$15, L$14) + L$15, COLUMN(E53))),""))} -> P6 | N53: {=IF(H53<>"", SUMPRODUCT((OFFSET(H53,0,0,H$16,1)=$T$24) +0),"")} -> 0 | O53: {=IF(I53<>"", SUMPRODUCT((OFFSET(I53,0,0,I$16,1)=$T$24) +0),"")} -> 0 | P53: {=IF(J53<>"", SUMPRODUCT((OFFSET(J53,0,0,J$16,1)=$T$24) +0),"")} -> 0 | Q53: {=IF(K53<>"", SUMPRODUCT((OFFSET(K53,0,0,K$16,1)=$T$24) +0),"")} -> 0 | R53: {=IF(L53<>"", SUMPRODUCT((OFFSET(L53,0,0,L$16,1)=$T$24) +0),"")} -> 1 | T53: 2 | U53: =COUNTIF(N:N,$T53) -> 6 | V53: =COUNTIF(O:O,$T53) -> 3 | W53: =COUNTIF(P:P,$T53) -> 11 | X53: =COUNTIF(Q:Q,$T53) -> 6 | Y53: =COUNTIF(R:R,$T53) -> 6 | AB53: =IF(ROW()-$AA$51 < (H$16+1)^5, MOD(_xlfn.FLOOR.MATH((ROW()-$AA$51)/AB$50), H$16+1), "") -> 1 | AC53: =IF(ROW()-$AA$51 < (I$16+1)^5, MOD(_xlfn.FLOOR.MATH((ROW()-$AA$51)/AC$50), I$16+1), "") -> 0 | AD53: =IF(ROW()-$AA$51 < (J$16+1)^5, MOD(_xlfn.FLOOR.MATH((ROW()-$AA$51)/AD$50), J$16+1), "") -> 0 | AE53: =IF(ROW()-$AA$51 < (K$16+1)^5, MOD(_xlfn.FLOOR.MATH((ROW()-$AA$51)/AE$50), K$16+1), "") -> 0 | AF53: =IF(ROW()-$AA$51 < (L$16+1)^5, MOD(_xlfn.FLOOR.MATH((ROW()-$AA$51)/AF$50), L$16+1), "") -> 0 | AG53: =IF(ROW($AA53) - $AA$51 < ($H$16+1)^5, SUM(AB53:AF53), "") -> 1 | AH53: =IF(ROW($AA53) - $AA$51 < (4)^5, (_xlfn.XLOOKUP(AB53,$T$51:$T$55,U$51:U$55,0)/U$27) * (_xlfn.XLOOKUP(AC53,$T$51:$T$55,V$51:V$55,0)/V$27) * (_xlfn.XLOOKUP(AD53,$T$51:$T$55,W$51:W$55,0)/W$27) * (_xlfn.XLOOKUP(AE53,$T$51:$T$55,X$51:X$55,0)/X$27) * (_xlfn.XLOOKUP(AF53,$T$51:$T$55,Y$51:Y$55,0)/Y$27), "") -> 0.050295082 | AI53: =IF(ROW($AA53) - $AA$51 < ($H$16+1)^5, IF(AG53 >= BaseBonus!$C$16, AG53*BaseBonus!$E$31, 0), "") -> 0 | AJ53: =IF(ROW($AA53) - $AA$51 < ($H$16+1)^5, AH53*AI53, "") -> 0
A54: P3 | B54: P4 | C54: P4 | D54: P4 | E54: CP | H54: {=IF(ROW(A54)-H$15 < H$14,A54,IF(ROW(A54) - H$15 -H$16 + 1 < H$14,INDIRECT(ADDRESS(MOD(ROW(A54) - H$15, H$14) + H$15, COLUMN(A54))),""))} -> P3 | I54: {=IF(ROW(B54)-I$15 < I$14,B54,IF(ROW(B54) - I$15 -I$16 + 1 < I$14,INDIRECT(ADDRESS(MOD(ROW(B54) - I$15, I$14) + I$15, COLUMN(B54))),""))} -> P4 | J54: {=IF(ROW(C54)-J$15 < J$14,C54,IF(ROW(C54) - J$15 -J$16 + 1 < J$14,INDIRECT(ADDRESS(MOD(ROW(C54) - J$15, J$14) + J$15, COLUMN(C54))),""))} -> P4 | K54: {=IF(ROW(D54)-K$15 < K$14,D54,IF(ROW(D54) - K$15 -K$16 + 1 < K$14,INDIRECT(ADDRESS(MOD(ROW(D54) - K$15, K$14) + K$15, COLUMN(D54))),""))} -> P4 | L54: {=IF(ROW(E54)-L$15 < L$14,E54,IF(ROW(E54) - L$15 -L$16 + 1 < L$14,INDIRECT(ADDRESS(MOD(ROW(E54) - L$15, L$14) + L$15, COLUMN(E54))),""))} -> CP | N54: {=IF(H54<>"", SUMPRODUCT((OFFSET(H54,0,0,H$16,1)=$T$24) +0),"")} -> 0 | O54: {=IF(I54<>"", SUMPRODUCT((OFFSET(I54,0,0,I$16,1)=$T$24) +0),"")} -> 1 | P54: {=IF(J54<>"", SUMPRODUCT((OFFSET(J54,0,0,J$16,1)=$T$24) +0),"")} -> 0 | Q54: {=IF(K54<>"", SUMPRODUCT((OFFSET(K54,0,0,K$16,1)=$T$24) +0),"")} -> 1 | R54: {=IF(L54<>"", SUMPRODUCT((OFFSET(L54,0,0,L$16,1)=$T$24) +0),"")} -> 1 | T54: 3 | U54: =COUNTIF(N:N,$T54) -> 0 | V54: =COUNTIF(O:O,$T54) -> 0 | W54: =COUNTIF(P:P,$T54) -> 0 | X54: =COUNTIF(Q:Q,$T54) -> 0 | Y54: =COUNTIF(R:R,$T54) -> 0 | AB54: =IF(ROW()-$AA$51 < (H$16+1)^5, MOD(_xlfn.FLOOR.MATH((ROW()-$AA$51)/AB$50), H$16+1), "") -> 2 | AC54: =IF(ROW()-$AA$51 < (I$16+1)^5, MOD(_xlfn.FLOOR.MATH((ROW()-$AA$51)/AC$50), I$16+1), "") -> 0 | AD54: =IF(ROW()-$AA$51 < (J$16+1)^5, MOD(_xlfn.FLOOR.MATH((ROW()-$AA$51)/AD$50), J$16+1), "") -> 0 | AE54: =IF(ROW()-$AA$51 < (K$16+1)^5, MOD(_xlfn.FLOOR.MATH((ROW()-$AA$51)/AE$50), K$16+1), "") -> 0 | AF54: =IF(ROW()-$AA$51 < (L$16+1)^5, MOD(_xlfn.FLOOR.MATH((ROW()-$AA$51)/AF$50), L$16+1), "") -> 0 | AG54: =IF(ROW($AA54) - $AA$51 < ($H$16+1)^5, SUM(AB54:AF54), "") -> 2 | AH54: =IF(ROW($AA54) - $AA$51 < (4)^5, (_xlfn.XLOOKUP(AB54,$T$51:$T$55,U$51:U$55,0)/U$27) * (_xlfn.XLOOKUP(AC54,$T$51:$T$55,V$51:V$55,0)/V$27) * (_xlfn.XLOOKUP(AD54,$T$51:$T$55,W$51:W$55,0)/W$27) * (_xlfn.XLOOKUP(AE54,$T$51:$T$55,X$51:X$55,0)/X$27) * (_xlfn.XLOOKUP(AF54,$T$51:$T$55,Y$51:Y$55,0)/Y$27), "") -> 0.025147541 | AI54: =IF(ROW($AA54) - $AA$51 < ($H$16+1)^5, IF(AG54 >= BaseBonus!$C$16, AG54*BaseBonus!$E$31, 0), "") -> 0 | AJ54: =IF(ROW($AA54) - $AA$51 < ($H$16+1)^5, AH54*AI54, "") -> 0
A55: P4 | B55: P2 | C55: P5 | D55: P6 | E55: P3 | H55: {=IF(ROW(A55)-H$15 < H$14,A55,IF(ROW(A55) - H$15 -H$16 + 1 < H$14,INDIRECT(ADDRESS(MOD(ROW(A55) - H$15, H$14) + H$15, COLUMN(A55))),""))} -> P4 | I55: {=IF(ROW(B55)-I$15 < I$14,B55,IF(ROW(B55) - I$15 -I$16 + 1 < I$14,INDIRECT(ADDRESS(MOD(ROW(B55) - I$15, I$14) + I$15, COLUMN(B55))),""))} -> P2 | J55: {=IF(ROW(C55)-J$15 < J$14,C55,IF(ROW(C55) - J$15 -J$16 + 1 < J$14,INDIRECT(ADDRESS(MOD(ROW(C55) - J$15, J$14) + J$15, COLUMN(C55))),""))} -> P5 | K55: {=IF(ROW(D55)-K$15 < K$14,D55,IF(ROW(D55) - K$15 -K$16 + 1 < K$14,INDIRECT(ADDRESS(MOD(ROW(D55) - K$15, K$14) + K$15, COLUMN(D55))),""))} -> P6 | L55: {=IF(ROW(E55)-L$15 < L$14,E55,IF(ROW(E55) - L$15 -L$16 + 1 < L$14,INDIRECT(ADDRESS(MOD(ROW(E55) - L$15, L$14) + L$15, COLUMN(E55))),""))} -> P3 | N55: {=IF(H55<>"", SUMPRODUCT((OFFSET(H55,0,0,H$16,1)=$T$24) +0),"")} -> 0 | O55: {=IF(I55<>"", SUMPRODUCT((OFFSET(I55,0,0,I$16,1)=$T$24) +0),"")} -> 1 | P55: {=IF(J55<>"", SUMPRODUCT((OFFSET(J55,0,0,J$16,1)=$T$24) +0),"")} -> 0 | Q55: {=IF(K55<>"", SUMPRODUCT((OFFSET(K55,0,0,K$16,1)=$T$24) +0),"")} -> 1 | R55: {=IF(L55<>"", SUMPRODUCT((OFFSET(L55,0,0,L$16,1)=$T$24) +0),"")} -> 0 | T55: 4 | U55: =COUNTIF(N:N,$T55) -> 0 | V55: =COUNTIF(O:O,$T55) -> 0 | W55: =COUNTIF(P:P,$T55) -> 0 | X55: =COUNTIF(Q:Q,$T55) -> 0 | Y55: =COUNTIF(R:R,$T55) -> 0 | AB55: =IF(ROW()-$AA$51 < (H$16+1)^5, MOD(_xlfn.FLOOR.MATH((ROW()-$AA$51)/AB$50), H$16+1), "") -> 3 | AC55: =IF(ROW()-$AA$51 < (I$16+1)^5, MOD(_xlfn.FLOOR.MATH((ROW()-$AA$51)/AC$50), I$16+1), "") -> 0 | AD55: =IF(ROW()-$AA$51 < (J$16+1)^5, MOD(_xlfn.FLOOR.MATH((ROW()-$AA$51)/AD$50), J$16+1), "") -> 0 | AE55: =IF(ROW()-$AA$51 < (K$16+1)^5, MOD(_xlfn.FLOOR.MATH((ROW()-$AA$51)/AE$50), K$16+1), "") -> 0 | AF55: =IF(ROW()-$AA$51 < (L$16+1)^5, MOD(_xlfn.FLOOR.MATH((ROW()-$AA$51)/AF$50), L$16+1), "") -> 0 | AG55: =IF(ROW($AA55) - $AA$51 < ($H$16+1)^5, SUM(AB55:AF55), "") -> 3 | AH55: =IF(ROW($AA55) - $AA$51 < (4)^5, (_xlfn.XLOOKUP(AB55,$T$51:$T$55,U$51:U$55,0)/U$27) * (_xlfn.XLOOKUP(AC55,$T$51:$T$55,V$51:V$55,0)/V$27) * (_xlfn.XLOOKUP(AD55,$T$51:$T$55,W$51:W$55,0)/W$27) * (_xlfn.XLOOKUP(AE55,$T$51:$T$55,X$51:X$55,0)/X$27) * (_xlfn.XLOOKUP(AF55,$T$51:$T$55,Y$51:Y$55,0)/Y$27), "") -> 0 | AI55: =IF(ROW($AA55) - $AA$51 < ($H$16+1)^5, IF(AG55 >= BaseBonus!$C$16, AG55*BaseBonus!$E$31, 0), "") -> 0 | AJ55: =IF(ROW($AA55) - $AA$51 < ($H$16+1)^5, AH55*AI55, "") -> 0
A56: P3 | B56: CP | C56: P6 | D56: CP | E56: P2 | H56: {=IF(ROW(A56)-H$15 < H$14,A56,IF(ROW(A56) - H$15 -H$16 + 1 < H$14,INDIRECT(ADDRESS(MOD(ROW(A56) - H$15, H$14) + H$15, COLUMN(A56))),""))} -> P3 | I56: {=IF(ROW(B56)-I$15 < I$14,B56,IF(ROW(B56) - I$15 -I$16 + 1 < I$14,INDIRECT(ADDRESS(MOD(ROW(B56) - I$15, I$14) + I$15, COLUMN(B56))),""))} -> CP | J56: {=IF(ROW(C56)-J$15 < J$14,C56,IF(ROW(C56) - J$15 -J$16 + 1 < J$14,INDIRECT(ADDRESS(MOD(ROW(C56) - J$15, J$14) + J$15, COLUMN(C56))),""))} -> P6 | K56: {=IF(ROW(D56)-K$15 < K$14,D56,IF(ROW(D56) - K$15 -K$16 + 1 < K$14,INDIRECT(ADDRESS(MOD(ROW(D56) - K$15, K$14) + K$15, COLUMN(D56))),""))} -> CP | L56: {=IF(ROW(E56)-L$15 < L$14,E56,IF(ROW(E56) - L$15 -L$16 + 1 < L$14,INDIRECT(ADDRESS(MOD(ROW(E56) - L$15, L$14) + L$15, COLUMN(E56))),""))} -> P2 | N56: {=IF(H56<>"", SUMPRODUCT((OFFSET(H56,0,0,H$16,1)=$T$24) +0),"")} -> 1 | O56: {=IF(I56<>"", SUMPRODUCT((OFFSET(I56,0,0,I$16,1)=$T$24) +0),"")} -> 1 | P56: {=IF(J56<>"", SUMPRODUCT((OFFSET(J56,0,0,J$16,1)=$T$24) +0),"")} -> 1 | Q56: {=IF(K56<>"", SUMPRODUCT((OFFSET(K56,0,0,K$16,1)=$T$24) +0),"")} -> 1 | R56: {=IF(L56<>"", SUMPRODUCT((OFFSET(L56,0,0,L$16,1)=$T$24) +0),"")} -> 0 | AB56: =IF(ROW()-$AA$51 < (H$16+1)^5, MOD(_xlfn.FLOOR.MATH((ROW()-$AA$51)/AB$50), H$16+1), "") -> 0 | AC56: =IF(ROW()-$AA$51 < (I$16+1)^5, MOD(_xlfn.FLOOR.MATH((ROW()-$AA$51)/AC$50), I$16+1), "") -> 1 | AD56: =IF(ROW()-$AA$51 < (J$16+1)^5, MOD(_xlfn.FLOOR.MATH((ROW()-$AA$51)/AD$50), J$16+1), "") -> 0 | AE56: =IF(ROW()-$AA$51 < (K$16+1)^5, MOD(_xlfn.FLOOR.MATH((ROW()-$AA$51)/AE$50), K$16+1), "") -> 0 | AF56: =IF(ROW()-$AA$51 < (L$16+1)^5, MOD(_xlfn.FLOOR.MATH((ROW()-$AA$51)/AF$50), L$16+1), "") -> 0 | AG56: =IF(ROW($AA56) - $AA$51 < ($H$16+1)^5, SUM(AB56:AF56), "") -> 1 | AH56: =IF(ROW($AA56) - $AA$51 < (4)^5, (_xlfn.XLOOKUP(AB56,$T$51:$T$55,U$51:U$55,0)/U$27) * (_xlfn.XLOOKUP(AC56,$T$51:$T$55,V$51:V$55,0)/V$27) * (_xlfn.XLOOKUP(AD56,$T$51:$T$55,W$51:W$55,0)/W$27) * (_xlfn.XLOOKUP(AE56,$T$51:$T$55,X$51:X$55,0)/X$27) * (_xlfn.XLOOKUP(AF56,$T$51:$T$55,Y$51:Y$55,0)/Y$27), "") -> 0.081836066 | AI56: =IF(ROW($AA56) - $AA$51 < ($H$16+1)^5, IF(AG56 >= BaseBonus!$C$16, AG56*BaseBonus!$E$31, 0), "") -> 0 | AJ56: =IF(ROW($AA56) - $AA$51 < ($H$16+1)^5, AH56*AI56, "") -> 0
A57: P3 | B57: P5 | C57: P6 | D57: P5 | E57: P5 | H57: {=IF(ROW(A57)-H$15 < H$14,A57,IF(ROW(A57) - H$15 -H$16 + 1 < H$14,INDIRECT(ADDRESS(MOD(ROW(A57) - H$15, H$14) + H$15, COLUMN(A57))),""))} -> P3 | I57: {=IF(ROW(B57)-I$15 < I$14,B57,IF(ROW(B57) - I$15 -I$16 + 1 < I$14,INDIRECT(ADDRESS(MOD(ROW(B57) - I$15, I$14) + I$15, COLUMN(B57))),""))} -> P5 | J57: {=IF(ROW(C57)-J$15 < J$14,C57,IF(ROW(C57) - J$15 -J$16 + 1 < J$14,INDIRECT(ADDRESS(MOD(ROW(C57) - J$15, J$14) + J$15, COLUMN(C57))),""))} -> P6 | K57: {=IF(ROW(D57)-K$15 < K$14,D57,IF(ROW(D57) - K$15 -K$16 + 1 < K$14,INDIRECT(ADDRESS(MOD(ROW(D57) - K$15, K$14) + K$15, COLUMN(D57))),""))} -> P5 | L57: {=IF(ROW(E57)-L$15 < L$14,E57,IF(ROW(E57) - L$15 -L$16 + 1 < L$14,INDIRECT(ADDRESS(MOD(ROW(E57) - L$15, L$14) + L$15, COLUMN(E57))),""))} -> P5 | N57: {=IF(H57<>"", SUMPRODUCT((OFFSET(H57,0,0,H$16,1)=$T$24) +0),"")} -> 1 | O57: {=IF(I57<>"", SUMPRODUCT((OFFSET(I57,0,0,I$16,1)=$T$24) +0),"")} -> 0 | P57: {=IF(J57<>"", SUMPRODUCT((OFFSET(J57,0,0,J$16,1)=$T$24) +0),"")} -> 2 | Q57: {=IF(K57<>"", SUMPRODUCT((OFFSET(K57,0,0,K$16,1)=$T$24) +0),"")} -> 0 | R57: {=IF(L57<>"", SUMPRODUCT((OFFSET(L57,0,0,L$16,1)=$T$24) +0),"")} -> 0 | AB57: =IF(ROW()-$AA$51 < (H$16+1)^5, MOD(_xlfn.FLOOR.MATH((ROW()-$AA$51)/AB$50), H$16+1), "") -> 1 | AC57: =IF(ROW()-$AA$51 < (I$16+1)^5, MOD(_xlfn.FLOOR.MATH((ROW()-$AA$51)/AC$50), I$16+1), "") -> 1 | AD57: =IF(ROW()-$AA$51 < (J$16+1)^5, MOD(_xlfn.FLOOR.MATH((ROW()-$AA$51)/AD$50), J$16+1), "") -> 0 | AE57: =IF(ROW()-$AA$51 < (K$16+1)^5, MOD(_xlfn.FLOOR.MATH((ROW()-$AA$51)/AE$50), K$16+1), "") -> 0 | AF57: =IF(ROW()-$AA$51 < (L$16+1)^5, MOD(_xlfn.FLOOR.MATH((ROW()-$AA$51)/AF$50), L$16+1), "") -> 0 | AG57: =IF(ROW($AA57) - $AA$51 < ($H$16+1)^5, SUM(AB57:AF57), "") -> 2 | AH57: =IF(ROW($AA57) - $AA$51 < (4)^5, (_xlfn.XLOOKUP(AB57,$T$51:$T$55,U$51:U$55,0)/U$27) * (_xlfn.XLOOKUP(AC57,$T$51:$T$55,V$51:V$55,0)/V$27) * (_xlfn.XLOOKUP(AD57,$T$51:$T$55,W$51:W$55,0)/W$27) * (_xlfn.XLOOKUP(AE57,$T$51:$T$55,X$51:X$55,0)/X$27) * (_xlfn.XLOOKUP(AF57,$T$51:$T$55,Y$51:Y$55,0)/Y$27), "") -> 0.015344262 | AI57: =IF(ROW($AA57) - $AA$51 < ($H$16+1)^5, IF(AG57 >= BaseBonus!$C$16, AG57*BaseBonus!$E$31, 0), "") -> 0 | AJ57: =IF(ROW($AA57) - $AA$51 < ($H$16+1)^5, AH57*AI57, "") -> 0
A58: CP | B58: P2 | C58: CP | D58: P2 | E58: P3 | H58: {=IF(ROW(A58)-H$15 < H$14,A58,IF(ROW(A58) - H$15 -H$16 + 1 < H$14,INDIRECT(ADDRESS(MOD(ROW(A58) - H$15, H$14) + H$15, COLUMN(A58))),""))} -> CP | I58: {=IF(ROW(B58)-I$15 < I$14,B58,IF(ROW(B58) - I$15 -I$16 + 1 < I$14,INDIRECT(ADDRESS(MOD(ROW(B58) - I$15, I$14) + I$15, COLUMN(B58))),""))} -> P2 | J58: {=IF(ROW(C58)-J$15 < J$14,C58,IF(ROW(C58) - J$15 -J$16 + 1 < J$14,INDIRECT(ADDRESS(MOD(ROW(C58) - J$15, J$14) + J$15, COLUMN(C58))),""))} -> CP | K58: {=IF(ROW(D58)-K$15 < K$14,D58,IF(ROW(D58) - K$15 -K$16 + 1 < K$14,INDIRECT(ADDRESS(MOD(ROW(D58) - K$15, K$14) + K$15, COLUMN(D58))),""))} -> P2 | L58: {=IF(ROW(E58)-L$15 < L$14,E58,IF(ROW(E58) - L$15 -L$16 + 1 < L$14,INDIRECT(ADDRESS(MOD(ROW(E58) - L$15, L$14) + L$15, COLUMN(E58))),""))} -> P3 | N58: {=IF(H58<>"", SUMPRODUCT((OFFSET(H58,0,0,H$16,1)=$T$24) +0),"")} -> 1 | O58: {=IF(I58<>"", SUMPRODUCT((OFFSET(I58,0,0,I$16,1)=$T$24) +0),"")} -> 0 | P58: {=IF(J58<>"", SUMPRODUCT((OFFSET(J58,0,0,J$16,1)=$T$24) +0),"")} -> 2 | Q58: {=IF(K58<>"", SUMPRODUCT((OFFSET(K58,0,0,K$16,1)=$T$24) +0),"")} -> 0 | R58: {=IF(L58<>"", SUMPRODUCT((OFFSET(L58,0,0,L$16,1)=$T$24) +0),"")} -> 0 | AB58: =IF(ROW()-$AA$51 < (H$16+1)^5, MOD(_xlfn.FLOOR.MATH((ROW()-$AA$51)/AB$50), H$16+1), "") -> 2 | AC58: =IF(ROW()-$AA$51 < (I$16+1)^5, MOD(_xlfn.FLOOR.MATH((ROW()-$AA$51)/AC$50), I$16+1), "") -> 1 | AD58: =IF(ROW()-$AA$51 < (J$16+1)^5, MOD(_xlfn.FLOOR.MATH((ROW()-$AA$51)/AD$50), J$16+1), "") -> 0 | AE58: =IF(ROW()-$AA$51 < (K$16+1)^5, MOD(_xlfn.FLOOR.MATH((ROW()-$AA$51)/AE$50), K$16+1), "") -> 0 | AF58: =IF(ROW()-$AA$51 < (L$16+1)^5, MOD(_xlfn.FLOOR.MATH((ROW()-$AA$51)/AF$50), L$16+1), "") -> 0 | AG58: =IF(ROW($AA58) - $AA$51 < ($H$16+1)^5, SUM(AB58:AF58), "") -> 3 | AH58: =IF(ROW($AA58) - $AA$51 < (4)^5, (_xlfn.XLOOKUP(AB58,$T$51:$T$55,U$51:U$55,0)/U$27) * (_xlfn.XLOOKUP(AC58,$T$51:$T$55,V$51:V$55,0)/V$27) * (_xlfn.XLOOKUP(AD58,$T$51:$T$55,W$51:W$55,0)/W$27) * (_xlfn.XLOOKUP(AE58,$T$51:$T$55,X$51:X$55,0)/X$27) * (_xlfn.XLOOKUP(AF58,$T$51:$T$55,Y$51:Y$55,0)/Y$27), "") -> 0.0076721312 | AI58: =IF(ROW($AA58) - $AA$51 < ($H$16+1)^5, IF(AG58 >= BaseBonus!$C$16, AG58*BaseBonus!$E$31, 0), "") -> 0 | AJ58: =IF(ROW($AA58) - $AA$51 < ($H$16+1)^5, AH58*AI58, "") -> 0
A59: P4 | B59: P6 | C59: CP | D59: P2 | E59: SCAT | H59: {=IF(ROW(A59)-H$15 < H$14,A59,IF(ROW(A59) - H$15 -H$16 + 1 < H$14,INDIRECT(ADDRESS(MOD(ROW(A59) - H$15, H$14) + H$15, COLUMN(A59))),""))} -> P4 | I59: {=IF(ROW(B59)-I$15 < I$14,B59,IF(ROW(B59) - I$15 -I$16 + 1 < I$14,INDIRECT(ADDRESS(MOD(ROW(B59) - I$15, I$14) + I$15, COLUMN(B59))),""))} -> P6 | J59: {=IF(ROW(C59)-J$15 < J$14,C59,IF(ROW(C59) - J$15 -J$16 + 1 < J$14,INDIRECT(ADDRESS(MOD(ROW(C59) - J$15, J$14) + J$15, COLUMN(C59))),""))} -> CP | K59: {=IF(ROW(D59)-K$15 < K$14,D59,IF(ROW(D59) - K$15 -K$16 + 1 < K$14,INDIRECT(ADDRESS(MOD(ROW(D59) - K$15, K$14) + K$15, COLUMN(D59))),""))} -> P2 | L59: {=IF(ROW(E59)-L$15 < L$14,E59,IF(ROW(E59) - L$15 -L$16 + 1 < L$14,INDIRECT(ADDRESS(MOD(ROW(E59) - L$15, L$14) + L$15, COLUMN(E59))),""))} -> SCAT | N59: {=IF(H59<>"", SUMPRODUCT((OFFSET(H59,0,0,H$16,1)=$T$24) +0),"")} -> 0 | O59: {=IF(I59<>"", SUMPRODUCT((OFFSET(I59,0,0,I$16,1)=$T$24) +0),"")} -> 0 | P59: {=IF(J59<>"", SUMPRODUCT((OFFSET(J59,0,0,J$16,1)=$T$24) +0),"")} -> 1 | Q59: {=IF(K59<>"", SUMPRODUCT((OFFSET(K59,0,0,K$16,1)=$T$24) +0),"")} -> 0 | R59: {=IF(L59<>"", SUMPRODUCT((OFFSET(L59,0,0,L$16,1)=$T$24) +0),"")} -> 0 | AB59: =IF(ROW()-$AA$51 < (H$16+1)^5, MOD(_xlfn.FLOOR.MATH((ROW()-$AA$51)/AB$50), H$16+1), "") -> 3 | AC59: =IF(ROW()-$AA$51 < (I$16+1)^5, MOD(_xlfn.FLOOR.MATH((ROW()-$AA$51)/AC$50), I$16+1), "") -> 1 | AD59: =IF(ROW()-$AA$51 < (J$16+1)^5, MOD(_xlfn.FLOOR.MATH((ROW()-$AA$51)/AD$50), J$16+1), "") -> 0 | AE59: =IF(ROW()-$AA$51 < (K$16+1)^5, MOD(_xlfn.FLOOR.MATH((ROW()-$AA$51)/AE$50), K$16+1), "") -> 0 | AF59: =IF(ROW()-$AA$51 < (L$16+1)^5, MOD(_xlfn.FLOOR.MATH((ROW()-$AA$51)/AF$50), L$16+1), "") -> 0 | AG59: =IF(ROW($AA59) - $AA$51 < ($H$16+1)^5, SUM(AB59:AF59), "") -> 4 | AH59: =IF(ROW($AA59) - $AA$51 < (4)^5, (_xlfn.XLOOKUP(AB59,$T$51:$T$55,U$51:U$55,0)/U$27) * (_xlfn.XLOOKUP(AC59,$T$51:$T$55,V$51:V$55,0)/V$27) * (_xlfn.XLOOKUP(AD59,$T$51:$T$55,W$51:W$55,0)/W$27) * (_xlfn.XLOOKUP(AE59,$T$51:$T$55,X$51:X$55,0)/X$27) * (_xlfn.XLOOKUP(AF59,$T$51:$T$55,Y$51:Y$55,0)/Y$27), "") -> 0 | AI59: =IF(ROW($AA59) - $AA$51 < ($H$16+1)^5, IF(AG59 >= BaseBonus!$C$16, AG59*BaseBonus!$E$31, 0), "") -> 0 | AJ59: =IF(ROW($AA59) - $AA$51 < ($H$16+1)^5, AH59*AI59, "") -> 0
A60: P2 | B60: P2 | C60: P3 | D60: P3 | E60: P2 | H60: {=IF(ROW(A60)-H$15 < H$14,A60,IF(ROW(A60) - H$15 -H$16 + 1 < H$14,INDIRECT(ADDRESS(MOD(ROW(A60) - H$15, H$14) + H$15, COLUMN(A60))),""))} -> P2 | I60: {=IF(ROW(B60)-I$15 < I$14,B60,IF(ROW(B60) - I$15 -I$16 + 1 < I$14,INDIRECT(ADDRESS(MOD(ROW(B60) - I$15, I$14) + I$15, COLUMN(B60))),""))} -> P2 | J60: {=IF(ROW(C60)-J$15 < J$14,C60,IF(ROW(C60) - J$15 -J$16 + 1 < J$14,INDIRECT(ADDRESS(MOD(ROW(C60) - J$15, J$14) + J$15, COLUMN(C60))),""))} -> P3 | K60: {=IF(ROW(D60)-K$15 < K$14,D60,IF(ROW(D60) - K$15 -K$16 + 1 < K$14,INDIRECT(ADDRESS(MOD(ROW(D60) - K$15, K$14) + K$15, COLUMN(D60))),""))} -> P3 | L60: {=IF(ROW(E60)-L$15 < L$14,E60,IF(ROW(E60) - L$15 -L$16 + 1 < L$14,INDIRECT(ADDRESS(MOD(ROW(E60) - L$15, L$14) + L$15, COLUMN(E60))),""))} -> P2 | N60: {=IF(H60<>"", SUMPRODUCT((OFFSET(H60,0,0,H$16,1)=$T$24) +0),"")} -> 0 | O60: {=IF(I60<>"", SUMPRODUCT((OFFSET(I60,0,0,I$16,1)=$T$24) +0),"")} -> 0 | P60: {=IF(J60<>"", SUMPRODUCT((OFFSET(J60,0,0,J$16,1)=$T$24) +0),"")} -> 0 | Q60: {=IF(K60<>"", SUMPRODUCT((OFFSET(K60,0,0,K$16,1)=$T$24) +0),"")} -> 0 | R60: {=IF(L60<>"", SUMPRODUCT((OFFSET(L60,0,0,L$16,1)=$T$24) +0),"")} -> 0 | AB60: =IF(ROW()-$AA$51 < (H$16+1)^5, MOD(_xlfn.FLOOR.MATH((ROW()-$AA$51)/AB$50), H$16+1), "") -> 0 | AC60: =IF(ROW()-$AA$51 < (I$16+1)^5, MOD(_xlfn.FLOOR.MATH((ROW()-$AA$51)/AC$50), I$16+1), "") -> 2 | AD60: =IF(ROW()-$AA$51 < (J$16+1)^5, MOD(_xlfn.FLOOR.MATH((ROW()-$AA$51)/AD$50), J$16+1), "") -> 0 | AE60: =IF(ROW()-$AA$51 < (K$16+1)^5, MOD(_xlfn.FLOOR.MATH((ROW()-$AA$51)/AE$50), K$16+1), "") -> 0 | AF60: =IF(ROW()-$AA$51 < (L$16+1)^5, MOD(_xlfn.FLOOR.MATH((ROW()-$AA$51)/AF$50), L$16+1), "") -> 0 | AG60: =IF(ROW($AA60) - $AA$51 < ($H$16+1)^5, SUM(AB60:AF60), "") -> 2 | AH60: =IF(ROW($AA60) - $AA$51 < (4)^5, (_xlfn.XLOOKUP(AB60,$T$51:$T$55,U$51:U$55,0)/U$27) * (_xlfn.XLOOKUP(AC60,$T$51:$T$55,V$51:V$55,0)/V$27) * (_xlfn.XLOOKUP(AD60,$T$51:$T$55,W$51:W$55,0)/W$27) * (_xlfn.XLOOKUP(AE60,$T$51:$T$55,X$51:X$55,0)/X$27) * (_xlfn.XLOOKUP(AF60,$T$51:$T$55,Y$51:Y$55,0)/Y$27), "") -> 0.013639344 | AI60: =IF(ROW($AA60) - $AA$51 < ($H$16+1)^5, IF(AG60 >= BaseBonus!$C$16, AG60*BaseBonus!$E$31, 0), "") -> 0 | AJ60: =IF(ROW($AA60) - $AA$51 < ($H$16+1)^5, AH60*AI60, "") -> 0
A61: P5 | B61: P3 | C61: P2 | D61: P5 | E61: P3 | H61: {=IF(ROW(A61)-H$15 < H$14,A61,IF(ROW(A61) - H$15 -H$16 + 1 < H$14,INDIRECT(ADDRESS(MOD(ROW(A61) - H$15, H$14) + H$15, COLUMN(A61))),""))} -> P5 | I61: {=IF(ROW(B61)-I$15 < I$14,B61,IF(ROW(B61) - I$15 -I$16 + 1 < I$14,INDIRECT(ADDRESS(MOD(ROW(B61) - I$15, I$14) + I$15, COLUMN(B61))),""))} -> P3 | J61: {=IF(ROW(C61)-J$15 < J$14,C61,IF(ROW(C61) - J$15 -J$16 + 1 < J$14,INDIRECT(ADDRESS(MOD(ROW(C61) - J$15, J$14) + J$15, COLUMN(C61))),""))} -> P2 | K61: {=IF(ROW(D61)-K$15 < K$14,D61,IF(ROW(D61) - K$15 -K$16 + 1 < K$14,INDIRECT(ADDRESS(MOD(ROW(D61) - K$15, K$14) + K$15, COLUMN(D61))),""))} -> P5 | L61: {=IF(ROW(E61)-L$15 < L$14,E61,IF(ROW(E61) - L$15 -L$16 + 1 < L$14,INDIRECT(ADDRESS(MOD(ROW(E61) - L$15, L$14) + L$15, COLUMN(E61))),""))} -> P3 | N61: {=IF(H61<>"", SUMPRODUCT((OFFSET(H61,0,0,H$16,1)=$T$24) +0),"")} -> 1 | O61: {=IF(I61<>"", SUMPRODUCT((OFFSET(I61,0,0,I$16,1)=$T$24) +0),"")} -> 0 | P61: {=IF(J61<>"", SUMPRODUCT((OFFSET(J61,0,0,J$16,1)=$T$24) +0),"")} -> 0 | Q61: {=IF(K61<>"", SUMPRODUCT((OFFSET(K61,0,0,K$16,1)=$T$24) +0),"")} -> 0 | R61: {=IF(L61<>"", SUMPRODUCT((OFFSET(L61,0,0,L$16,1)=$T$24) +0),"")} -> 0 | AB61: =IF(ROW()-$AA$51 < (H$16+1)^5, MOD(_xlfn.FLOOR.MATH((ROW()-$AA$51)/AB$50), H$16+1), "") -> 1 | AC61: =IF(ROW()-$AA$51 < (I$16+1)^5, MOD(_xlfn.FLOOR.MATH((ROW()-$AA$51)/AC$50), I$16+1), "") -> 2 | AD61: =IF(ROW()-$AA$51 < (J$16+1)^5, MOD(_xlfn.FLOOR.MATH((ROW()-$AA$51)/AD$50), J$16+1), "") -> 0 | AE61: =IF(ROW()-$AA$51 < (K$16+1)^5, MOD(_xlfn.FLOOR.MATH((ROW()-$AA$51)/AE$50), K$16+1), "") -> 0 | AF61: =IF(ROW()-$AA$51 < (L$16+1)^5, MOD(_xlfn.FLOOR.MATH((ROW()-$AA$51)/AF$50), L$16+1), "") -> 0 | AG61: =IF(ROW($AA61) - $AA$51 < ($H$16+1)^5, SUM(AB61:AF61), "") -> 3 | AH61: =IF(ROW($AA61) - $AA$51 < (4)^5, (_xlfn.XLOOKUP(AB61,$T$51:$T$55,U$51:U$55,0)/U$27) * (_xlfn.XLOOKUP(AC61,$T$51:$T$55,V$51:V$55,0)/V$27) * (_xlfn.XLOOKUP(AD61,$T$51:$T$55,W$51:W$55,0)/W$27) * (_xlfn.XLOOKUP(AE61,$T$51:$T$55,X$51:X$55,0)/X$27) * (_xlfn.XLOOKUP(AF61,$T$51:$T$55,Y$51:Y$55,0)/Y$27), "") -> 0.0025573771 | AI61: =IF(ROW($AA61) - $AA$51 < ($H$16+1)^5, IF(AG61 >= BaseBonus!$C$16, AG61*BaseBonus!$E$31, 0), "") -> 0 | AJ61: =IF(ROW($AA61) - $AA$51 < ($H$16+1)^5, AH61*AI61, "") -> 0
A62: P6 | B62: P5 | C62: P5 | D62: P3 | E62: P2 | H62: {=IF(ROW(A62)-H$15 < H$14,A62,IF(ROW(A62) - H$15 -H$16 + 1 < H$14,INDIRECT(ADDRESS(MOD(ROW(A62) - H$15, H$14) + H$15, COLUMN(A62))),""))} -> P6 | I62: {=IF(ROW(B62)-I$15 < I$14,B62,IF(ROW(B62) - I$15 -I$16 + 1 < I$14,INDIRECT(ADDRESS(MOD(ROW(B62) - I$15, I$14) + I$15, COLUMN(B62))),""))} -> P5 | J62: {=IF(ROW(C62)-J$15 < J$14,C62,IF(ROW(C62) - J$15 -J$16 + 1 < J$14,INDIRECT(ADDRESS(MOD(ROW(C62) - J$15, J$14) + J$15, COLUMN(C62))),""))} -> P5 | K62: {=IF(ROW(D62)-K$15 < K$14,D62,IF(ROW(D62) - K$15 -K$16 + 1 < K$14,INDIRECT(ADDRESS(MOD(ROW(D62) - K$15, K$14) + K$15, COLUMN(D62))),""))} -> P3 | L62: {=IF(ROW(E62)-L$15 < L$14,E62,IF(ROW(E62) - L$15 -L$16 + 1 < L$14,INDIRECT(ADDRESS(MOD(ROW(E62) - L$15, L$14) + L$15, COLUMN(E62))),""))} -> P2 | N62: {=IF(H62<>"", SUMPRODUCT((OFFSET(H62,0,0,H$16,1)=$T$24) +0),"")} -> 1 | O62: {=IF(I62<>"", SUMPRODUCT((OFFSET(I62,0,0,I$16,1)=$T$24) +0),"")} -> 0 | P62: {=IF(J62<>"", SUMPRODUCT((OFFSET(J62,0,0,J$16,1)=$T$24) +0),"")} -> 0 | Q62: {=IF(K62<>"", SUMPRODUCT((OFFSET(K62,0,0,K$16,1)=$T$24) +0),"")} -> 0 | R62: {=IF(L62<>"", SUMPRODUCT((OFFSET(L62,0,0,L$16,1)=$T$24) +0),"")} -> 0 | AB62: =IF(ROW()-$AA$51 < (H$16+1)^5, MOD(_xlfn.FLOOR.MATH((ROW()-$AA$51)/AB$50), H$16+1), "") -> 2 | AC62: =IF(ROW()-$AA$51 < (I$16+1)^5, MOD(_xlfn.FLOOR.MATH((ROW()-$AA$51)/AC$50), I$16+1), "") -> 2 | AD62: =IF(ROW()-$AA$51 < (J$16+1)^5, MOD(_xlfn.FLOOR.MATH((ROW()-$AA$51)/AD$50), J$16+1), "") -> 0 | AE62: =IF(ROW()-$AA$51 < (K$16+1)^5, MOD(_xlfn.FLOOR.MATH((ROW()-$AA$51)/AE$50), K$16+1), "") -> 0 | AF62: =IF(ROW()-$AA$51 < (L$16+1)^5, MOD(_xlfn.FLOOR.MATH((ROW()-$AA$51)/AF$50), L$16+1), "") -> 0 | AG62: =IF(ROW($AA62) - $AA$51 < ($H$16+1)^5, SUM(AB62:AF62), "") -> 4 | AH62: =IF(ROW($AA62) - $AA$51 < (4)^5, (_xlfn.XLOOKUP(AB62,$T$51:$T$55,U$51:U$55,0)/U$27) * (_xlfn.XLOOKUP(AC62,$T$51:$T$55,V$51:V$55,0)/V$27) * (_xlfn.XLOOKUP(AD62,$T$51:$T$55,W$51:W$55,0)/W$27) * (_xlfn.XLOOKUP(AE62,$T$51:$T$55,X$51:X$55,0)/X$27) * (_xlfn.XLOOKUP(AF62,$T$51:$T$55,Y$51:Y$55,0)/Y$27), "") -> 0.0012786885 | AI62: =IF(ROW($AA62) - $AA$51 < ($H$16+1)^5, IF(AG62 >= BaseBonus!$C$16, AG62*BaseBonus!$E$31, 0), "") -> 0 | AJ62: =IF(ROW($AA62) - $AA$51 < ($H$16+1)^5, AH62*AI62, "") -> 0
A63: CP | B63: P1 | C63: SCAT | D63: P3 | E63: WILD | H63: {=IF(ROW(A63)-H$15 < H$14,A63,IF(ROW(A63) - H$15 -H$16 + 1 < H$14,INDIRECT(ADDRESS(MOD(ROW(A63) - H$15, H$14) + H$15, COLUMN(A63))),""))} -> CP | I63: {=IF(ROW(B63)-I$15 < I$14,B63,IF(ROW(B63) - I$15 -I$16 + 1 < I$14,INDIRECT(ADDRESS(MOD(ROW(B63) - I$15, I$14) + I$15, COLUMN(B63))),""))} -> P1 | J63: {=IF(ROW(C63)-J$15 < J$14,C63,IF(ROW(C63) - J$15 -J$16 + 1 < J$14,INDIRECT(ADDRESS(MOD(ROW(C63) - J$15, J$14) + J$15, COLUMN(C63))),""))} -> SCAT | K63: {=IF(ROW(D63)-K$15 < K$14,D63,IF(ROW(D63) - K$15 -K$16 + 1 < K$14,INDIRECT(ADDRESS(MOD(ROW(D63) - K$15, K$14) + K$15, COLUMN(D63))),""))} -> P3 | L63: {=IF(ROW(E63)-L$15 < L$14,E63,IF(ROW(E63) - L$15 -L$16 + 1 < L$14,INDIRECT(ADDRESS(MOD(ROW(E63) - L$15, L$14) + L$15, COLUMN(E63))),""))} -> WILD | N63: {=IF(H63<>"", SUMPRODUCT((OFFSET(H63,0,0,H$16,1)=$T$24) +0),"")} -> 1 | O63: {=IF(I63<>"", SUMPRODUCT((OFFSET(I63,0,0,I$16,1)=$T$24) +0),"")} -> 0 | P63: {=IF(J63<>"", SUMPRODUCT((OFFSET(J63,0,0,J$16,1)=$T$24) +0),"")} -> 0 | Q63: {=IF(K63<>"", SUMPRODUCT((OFFSET(K63,0,0,K$16,1)=$T$24) +0),"")} -> 1 | R63: {=IF(L63<>"", SUMPRODUCT((OFFSET(L63,0,0,L$16,1)=$T$24) +0),"")} -> 0 | AB63: =IF(ROW()-$AA$51 < (H$16+1)^5, MOD(_xlfn.FLOOR.MATH((ROW()-$AA$51)/AB$50), H$16+1), "") -> 3 | AC63: =IF(ROW()-$AA$51 < (I$16+1)^5, MOD(_xlfn.FLOOR.MATH((ROW()-$AA$51)/AC$50), I$16+1), "") -> 2 | AD63: =IF(ROW()-$AA$51 < (J$16+1)^5, MOD(_xlfn.FLOOR.MATH((ROW()-$AA$51)/AD$50), J$16+1), "") -> 0 | AE63: =IF(ROW()-$AA$51 < (K$16+1)^5, MOD(_xlfn.FLOOR.MATH((ROW()-$AA$51)/AE$50), K$16+1), "") -> 0 | AF63: =IF(ROW()-$AA$51 < (L$16+1)^5, MOD(_xlfn.FLOOR.MATH((ROW()-$AA$51)/AF$50), L$16+1), "") -> 0 | AG63: =IF(ROW($AA63) - $AA$51 < ($H$16+1)^5, SUM(AB63:AF63), "") -> 5 | AH63: =IF(ROW($AA63) - $AA$51 < (4)^5, (_xlfn.XLOOKUP(AB63,$T$51:$T$55,U$51:U$55,0)/U$27) * (_xlfn.XLOOKUP(AC63,$T$51:$T$55,V$51:V$55,0)/V$27) * (_xlfn.XLOOKUP(AD63,$T$51:$T$55,W$51:W$55,0)/W$27) * (_xlfn.XLOOKUP(AE63,$T$51:$T$55,X$51:X$55,0)/X$27) * (_xlfn.XLOOKUP(AF63,$T$51:$T$55,Y$51:Y$55,0)/Y$27), "") -> 0 | AI63: =IF(ROW($AA63) - $AA$51 < ($H$16+1)^5, IF(AG63 >= BaseBonus!$C$16, AG63*BaseBonus!$E$31, 0), "") -> 4.6952679 | AJ63: =IF(ROW($AA63) - $AA$51 < ($H$16+1)^5, AH63*AI63, "") -> 0 | AM63: =IF(AN62<>"",IF(SUM($H$16:$J$16)>=AN62+1,AN62+1,""),"")
A64: P5 | B64: P3 | C64: P3 | D64: P1 | E64: P4 | H64: {=IF(ROW(A64)-H$15 < H$14,A64,IF(ROW(A64) - H$15 -H$16 + 1 < H$14,INDIRECT(ADDRESS(MOD(ROW(A64) - H$15, H$14) + H$15, COLUMN(A64))),""))} -> P5 | I64: {=IF(ROW(B64)-I$15 < I$14,B64,IF(ROW(B64) - I$15 -I$16 + 1 < I$14,INDIRECT(ADDRESS(MOD(ROW(B64) - I$15, I$14) + I$15, COLUMN(B64))),""))} -> P3 | J64: {=IF(ROW(C64)-J$15 < J$14,C64,IF(ROW(C64) - J$15 -J$16 + 1 < J$14,INDIRECT(ADDRESS(MOD(ROW(C64) - J$15, J$14) + J$15, COLUMN(C64))),""))} -> P3 | K64: {=IF(ROW(D64)-K$15 < K$14,D64,IF(ROW(D64) - K$15 -K$16 + 1 < K$14,INDIRECT(ADDRESS(MOD(ROW(D64) - K$15, K$14) + K$15, COLUMN(D64))),""))} -> P1 | L64: {=IF(ROW(E64)-L$15 < L$14,E64,IF(ROW(E64) - L$15 -L$16 + 1 < L$14,INDIRECT(ADDRESS(MOD(ROW(E64) - L$15, L$14) + L$15, COLUMN(E64))),""))} -> P4 | N64: {=IF(H64<>"", SUMPRODUCT((OFFSET(H64,0,0,H$16,1)=$T$24) +0),"")} -> 0 | O64: {=IF(I64<>"", SUMPRODUCT((OFFSET(I64,0,0,I$16,1)=$T$24) +0),"")} -> 1 | P64: {=IF(J64<>"", SUMPRODUCT((OFFSET(J64,0,0,J$16,1)=$T$24) +0),"")} -> 0 | Q64: {=IF(K64<>"", SUMPRODUCT((OFFSET(K64,0,0,K$16,1)=$T$24) +0),"")} -> 2 | R64: {=IF(L64<>"", SUMPRODUCT((OFFSET(L64,0,0,L$16,1)=$T$24) +0),"")} -> 0 | AB64: =IF(ROW()-$AA$51 < (H$16+1)^5, MOD(_xlfn.FLOOR.MATH((ROW()-$AA$51)/AB$50), H$16+1), "") -> 0 | AC64: =IF(ROW()-$AA$51 < (I$16+1)^5, MOD(_xlfn.FLOOR.MATH((ROW()-$AA$51)/AC$50), I$16+1), "") -> 3 | AD64: =IF(ROW()-$AA$51 < (J$16+1)^5, MOD(_xlfn.FLOOR.MATH((ROW()-$AA$51)/AD$50), J$16+1), "") -> 0 | AE64: =IF(ROW()-$AA$51 < (K$16+1)^5, MOD(_xlfn.FLOOR.MATH((ROW()-$AA$51)/AE$50), K$16+1), "") -> 0 | AF64: =IF(ROW()-$AA$51 < (L$16+1)^5, MOD(_xlfn.FLOOR.MATH((ROW()-$AA$51)/AF$50), L$16+1), "") -> 0 | AG64: =IF(ROW($AA64) - $AA$51 < ($H$16+1)^5, SUM(AB64:AF64), "") -> 3 | AH64: =IF(ROW($AA64) - $AA$51 < (4)^5, (_xlfn.XLOOKUP(AB64,$T$51:$T$55,U$51:U$55,0)/U$27) * (_xlfn.XLOOKUP(AC64,$T$51:$T$55,V$51:V$55,0)/V$27) * (_xlfn.XLOOKUP(AD64,$T$51:$T$55,W$51:W$55,0)/W$27) * (_xlfn.XLOOKUP(AE64,$T$51:$T$55,X$51:X$55,0)/X$27) * (_xlfn.XLOOKUP(AF64,$T$51:$T$55,Y$51:Y$55,0)/Y$27), "") -> 0 | AI64: =IF(ROW($AA64) - $AA$51 < ($H$16+1)^5, IF(AG64 >= BaseBonus!$C$16, AG64*BaseBonus!$E$31, 0), "") -> 0 | AJ64: =IF(ROW($AA64) - $AA$51 < ($H$16+1)^5, AH64*AI64, "") -> 0 | AM64: =IF(AM63<>"",IF(SUM($H$16:$J$16)>=AM63+1,AM63+1,""),"")
A65: P6 | B65: P1 | C65: P6 | D65: CP | E65: P2 | H65: {=IF(ROW(A65)-H$15 < H$14,A65,IF(ROW(A65) - H$15 -H$16 + 1 < H$14,INDIRECT(ADDRESS(MOD(ROW(A65) - H$15, H$14) + H$15, COLUMN(A65))),""))} -> P6 | I65: {=IF(ROW(B65)-I$15 < I$14,B65,IF(ROW(B65) - I$15 -I$16 + 1 < I$14,INDIRECT(ADDRESS(MOD(ROW(B65) - I$15, I$14) + I$15, COLUMN(B65))),""))} -> P1 | J65: {=IF(ROW(C65)-J$15 < J$14,C65,IF(ROW(C65) - J$15 -J$16 + 1 < J$14,INDIRECT(ADDRESS(MOD(ROW(C65) - J$15, J$14) + J$15, COLUMN(C65))),""))} -> P6 | K65: {=IF(ROW(D65)-K$15 < K$14,D65,IF(ROW(D65) - K$15 -K$16 + 1 < K$14,INDIRECT(ADDRESS(MOD(ROW(D65) - K$15, K$14) + K$15, COLUMN(D65))),""))} -> CP | L65: {=IF(ROW(E65)-L$15 < L$14,E65,IF(ROW(E65) - L$15 -L$16 + 1 < L$14,INDIRECT(ADDRESS(MOD(ROW(E65) - L$15, L$14) + L$15, COLUMN(E65))),""))} -> P2 | N65: {=IF(H65<>"", SUMPRODUCT((OFFSET(H65,0,0,H$16,1)=$T$24) +0),"")} -> 0 | O65: {=IF(I65<>"", SUMPRODUCT((OFFSET(I65,0,0,I$16,1)=$T$24) +0),"")} -> 1 | P65: {=IF(J65<>"", SUMPRODUCT((OFFSET(J65,0,0,J$16,1)=$T$24) +0),"")} -> 0 | Q65: {=IF(K65<>"", SUMPRODUCT((OFFSET(K65,0,0,K$16,1)=$T$24) +0),"")} -> 2 | R65: {=IF(L65<>"", SUMPRODUCT((OFFSET(L65,0,0,L$16,1)=$T$24) +0),"")} -> 0 | AB65: =IF(ROW()-$AA$51 < (H$16+1)^5, MOD(_xlfn.FLOOR.MATH((ROW()-$AA$51)/AB$50), H$16+1), "") -> 1 | AC65: =IF(ROW()-$AA$51 < (I$16+1)^5, MOD(_xlfn.FLOOR.MATH((ROW()-$AA$51)/AC$50), I$16+1), "") -> 3 | AD65: =IF(ROW()-$AA$51 < (J$16+1)^5, MOD(_xlfn.FLOOR.MATH((ROW()-$AA$51)/AD$50), J$16+1), "") -> 0 | AE65: =IF(ROW()-$AA$51 < (K$16+1)^5, MOD(_xlfn.FLOOR.MATH((ROW()-$AA$51)/AE$50), K$16+1), "") -> 0 | AF65: =IF(ROW()-$AA$51 < (L$16+1)^5, MOD(_xlfn.FLOOR.MATH((ROW()-$AA$51)/AF$50), L$16+1), "") -> 0 | AG65: =IF(ROW($AA65) - $AA$51 < ($H$16+1)^5, SUM(AB65:AF65), "") -> 4 | AH65: =IF(ROW($AA65) - $AA$51 < (4)^5, (_xlfn.XLOOKUP(AB65,$T$51:$T$55,U$51:U$55,0)/U$27) * (_xlfn.XLOOKUP(AC65,$T$51:$T$55,V$51:V$55,0)/V$27) * (_xlfn.XLOOKUP(AD65,$T$51:$T$55,W$51:W$55,0)/W$27) * (_xlfn.XLOOKUP(AE65,$T$51:$T$55,X$51:X$55,0)/X$27) * (_xlfn.XLOOKUP(AF65,$T$51:$T$55,Y$51:Y$55,0)/Y$27), "") -> 0 | AI65: =IF(ROW($AA65) - $AA$51 < ($H$16+1)^5, IF(AG65 >= BaseBonus!$C$16, AG65*BaseBonus!$E$31, 0), "") -> 0 | AJ65: =IF(ROW($AA65) - $AA$51 < ($H$16+1)^5, AH65*AI65, "") -> 0 | AM65: =IF(AM64<>"",IF(SUM($H$16:$J$16)>=AM64+1,AM64+1,""),"")
A66: P2 | B66: CP | C66: P2 | D66: CP | E66: SCAT | H66: {=IF(ROW(A66)-H$15 < H$14,A66,IF(ROW(A66) - H$15 -H$16 + 1 < H$14,INDIRECT(ADDRESS(MOD(ROW(A66) - H$15, H$14) + H$15, COLUMN(A66))),""))} -> P2 | I66: {=IF(ROW(B66)-I$15 < I$14,B66,IF(ROW(B66) - I$15 -I$16 + 1 < I$14,INDIRECT(ADDRESS(MOD(ROW(B66) - I$15, I$14) + I$15, COLUMN(B66))),""))} -> CP | J66: {=IF(ROW(C66)-J$15 < J$14,C66,IF(ROW(C66) - J$15 -J$16 + 1 < J$14,INDIRECT(ADDRESS(MOD(ROW(C66) - J$15, J$14) + J$15, COLUMN(C66))),""))} -> P2 | K66: {=IF(ROW(D66)-K$15 < K$14,D66,IF(ROW(D66) - K$15 -K$16 + 1 < K$14,INDIRECT(ADDRESS(MOD(ROW(D66) - K$15, K$14) + K$15, COLUMN(D66))),""))} -> CP | L66: {=IF(ROW(E66)-L$15 < L$14,E66,IF(ROW(E66) - L$15 -L$16 + 1 < L$14,INDIRECT(ADDRESS(MOD(ROW(E66) - L$15, L$14) + L$15, COLUMN(E66))),""))} -> SCAT | N66: {=IF(H66<>"", SUMPRODUCT((OFFSET(H66,0,0,H$16,1)=$T$24) +0),"")} -> 0 | O66: {=IF(I66<>"", SUMPRODUCT((OFFSET(I66,0,0,I$16,1)=$T$24) +0),"")} -> 2 | P66: {=IF(J66<>"", SUMPRODUCT((OFFSET(J66,0,0,J$16,1)=$T$24) +0),"")} -> 0 | Q66: {=IF(K66<>"", SUMPRODUCT((OFFSET(K66,0,0,K$16,1)=$T$24) +0),"")} -> 1 | R66: {=IF(L66<>"", SUMPRODUCT((OFFSET(L66,0,0,L$16,1)=$T$24) +0),"")} -> 0 | AB66: =IF(ROW()-$AA$51 < (H$16+1)^5, MOD(_xlfn.FLOOR.MATH((ROW()-$AA$51)/AB$50), H$16+1), "") -> 2 | AC66: =IF(ROW()-$AA$51 < (I$16+1)^5, MOD(_xlfn.FLOOR.MATH((ROW()-$AA$51)/AC$50), I$16+1), "") -> 3 | AD66: =IF(ROW()-$AA$51 < (J$16+1)^5, MOD(_xlfn.FLOOR.MATH((ROW()-$AA$51)/AD$50), J$16+1), "") -> 0 | AE66: =IF(ROW()-$AA$51 < (K$16+1)^5, MOD(_xlfn.FLOOR.MATH((ROW()-$AA$51)/AE$50), K$16+1), "") -> 0 | AF66: =IF(ROW()-$AA$51 < (L$16+1)^5, MOD(_xlfn.FLOOR.MATH((ROW()-$AA$51)/AF$50), L$16+1), "") -> 0 | AG66: =IF(ROW($AA66) - $AA$51 < ($H$16+1)^5, SUM(AB66:AF66), "") -> 5 | AH66: =IF(ROW($AA66) - $AA$51 < (4)^5, (_xlfn.XLOOKUP(AB66,$T$51:$T$55,U$51:U$55,0)/U$27) * (_xlfn.XLOOKUP(AC66,$T$51:$T$55,V$51:V$55,0)/V$27) * (_xlfn.XLOOKUP(AD66,$T$51:$T$55,W$51:W$55,0)/W$27) * (_xlfn.XLOOKUP(AE66,$T$51:$T$55,X$51:X$55,0)/X$27) * (_xlfn.XLOOKUP(AF66,$T$51:$T$55,Y$51:Y$55,0)/Y$27), "") -> 0 | AI66: =IF(ROW($AA66) - $AA$51 < ($H$16+1)^5, IF(AG66 >= BaseBonus!$C$16, AG66*BaseBonus!$E$31, 0), "") -> 4.6952679 | AJ66: =IF(ROW($AA66) - $AA$51 < ($H$16+1)^5, AH66*AI66, "") -> 0 | AM66: =IF(AM65<>"",IF(SUM($H$16:$J$16)>=AM65+1,AM65+1,""),"")
A67: P4 | B67: P6 | C67: WILD | D67: P3 | E67: P5 | H67: {=IF(ROW(A67)-H$15 < H$14,A67,IF(ROW(A67) - H$15 -H$16 + 1 < H$14,INDIRECT(ADDRESS(MOD(ROW(A67) - H$15, H$14) + H$15, COLUMN(A67))),""))} -> P4 | I67: {=IF(ROW(B67)-I$15 < I$14,B67,IF(ROW(B67) - I$15 -I$16 + 1 < I$14,INDIRECT(ADDRESS(MOD(ROW(B67) - I$15, I$14) + I$15, COLUMN(B67))),""))} -> P6 | J67: {=IF(ROW(C67)-J$15 < J$14,C67,IF(ROW(C67) - J$15 -J$16 + 1 < J$14,INDIRECT(ADDRESS(MOD(ROW(C67) - J$15, J$14) + J$15, COLUMN(C67))),""))} -> WILD | K67: {=IF(ROW(D67)-K$15 < K$14,D67,IF(ROW(D67) - K$15 -K$16 + 1 < K$14,INDIRECT(ADDRESS(MOD(ROW(D67) - K$15, K$14) + K$15, COLUMN(D67))),""))} -> P3 | L67: {=IF(ROW(E67)-L$15 < L$14,E67,IF(ROW(E67) - L$15 -L$16 + 1 < L$14,INDIRECT(ADDRESS(MOD(ROW(E67) - L$15, L$14) + L$15, COLUMN(E67))),""))} -> P5 | N67: {=IF(H67<>"", SUMPRODUCT((OFFSET(H67,0,0,H$16,1)=$T$24) +0),"")} -> 0 | O67: {=IF(I67<>"", SUMPRODUCT((OFFSET(I67,0,0,I$16,1)=$T$24) +0),"")} -> 1 | P67: {=IF(J67<>"", SUMPRODUCT((OFFSET(J67,0,0,J$16,1)=$T$24) +0),"")} -> 0 | Q67: {=IF(K67<>"", SUMPRODUCT((OFFSET(K67,0,0,K$16,1)=$T$24) +0),"")} -> 0 | R67: {=IF(L67<>"", SUMPRODUCT((OFFSET(L67,0,0,L$16,1)=$T$24) +0),"")} -> 0 | AB67: =IF(ROW()-$AA$51 < (H$16+1)^5, MOD(_xlfn.FLOOR.MATH((ROW()-$AA$51)/AB$50), H$16+1), "") -> 3 | AC67: =IF(ROW()-$AA$51 < (I$16+1)^5, MOD(_xlfn.FLOOR.MATH((ROW()-$AA$51)/AC$50), I$16+1), "") -> 3 | AD67: =IF(ROW()-$AA$51 < (J$16+1)^5, MOD(_xlfn.FLOOR.MATH((ROW()-$AA$51)/AD$50), J$16+1), "") -> 0 | AE67: =IF(ROW()-$AA$51 < (K$16+1)^5, MOD(_xlfn.FLOOR.MATH((ROW()-$AA$51)/AE$50), K$16+1), "") -> 0 | AF67: =IF(ROW()-$AA$51 < (L$16+1)^5, MOD(_xlfn.FLOOR.MATH((ROW()-$AA$51)/AF$50), L$16+1), "") -> 0 | AG67: =IF(ROW($AA67) - $AA$51 < ($H$16+1)^5, SUM(AB67:AF67), "") -> 6 | AH67: =IF(ROW($AA67) - $AA$51 < (4)^5, (_xlfn.XLOOKUP(AB67,$T$51:$T$55,U$51:U$55,0)/U$27) * (_xlfn.XLOOKUP(AC67,$T$51:$T$55,V$51:V$55,0)/V$27) * (_xlfn.XLOOKUP(AD67,$T$51:$T$55,W$51:W$55,0)/W$27) * (_xlfn.XLOOKUP(AE67,$T$51:$T$55,X$51:X$55,0)/X$27) * (_xlfn.XLOOKUP(AF67,$T$51:$T$55,Y$51:Y$55,0)/Y$27), "") -> 0 | AI67: =IF(ROW($AA67) - $AA$51 < ($H$16+1)^5, IF(AG67 >= BaseBonus!$C$16, AG67*BaseBonus!$E$31, 0), "") -> 5.6343215 | AJ67: =IF(ROW($AA67) - $AA$51 < ($H$16+1)^5, AH67*AI67, "") -> 0 | AM67: =IF(AM66<>"",IF(SUM($H$16:$J$16)>=AM66+1,AM66+1,""),"")
A68: P3 | B68: CP | C68: P3 | D68: P4 | E68: P1 | H68: {=IF(ROW(A68)-H$15 < H$14,A68,IF(ROW(A68) - H$15 -H$16 + 1 < H$14,INDIRECT(ADDRESS(MOD(ROW(A68) - H$15, H$14) + H$15, COLUMN(A68))),""))} -> P3 | I68: {=IF(ROW(B68)-I$15 < I$14,B68,IF(ROW(B68) - I$15 -I$16 + 1 < I$14,INDIRECT(ADDRESS(MOD(ROW(B68) - I$15, I$14) + I$15, COLUMN(B68))),""))} -> CP | J68: {=IF(ROW(C68)-J$15 < J$14,C68,IF(ROW(C68) - J$15 -J$16 + 1 < J$14,INDIRECT(ADDRESS(MOD(ROW(C68) - J$15, J$14) + J$15, COLUMN(C68))),""))} -> P3 | K68: {=IF(ROW(D68)-K$15 < K$14,D68,IF(ROW(D68) - K$15 -K$16 + 1 < K$14,INDIRECT(ADDRESS(MOD(ROW(D68) - K$15, K$14) + K$15, COLUMN(D68))),""))} -> P4 | L68: {=IF(ROW(E68)-L$15 < L$14,E68,IF(ROW(E68) - L$15 -L$16 + 1 < L$14,INDIRECT(ADDRESS(MOD(ROW(E68) - L$15, L$14) + L$15, COLUMN(E68))),""))} -> P1 | N68: {=IF(H68<>"", SUMPRODUCT((OFFSET(H68,0,0,H$16,1)=$T$24) +0),"")} -> 0 | O68: {=IF(I68<>"", SUMPRODUCT((OFFSET(I68,0,0,I$16,1)=$T$24) +0),"")} -> 1 | P68: {=IF(J68<>"", SUMPRODUCT((OFFSET(J68,0,0,J$16,1)=$T$24) +0),"")} -> 0 | Q68: {=IF(K68<>"", SUMPRODUCT((OFFSET(K68,0,0,K$16,1)=$T$24) +0),"")} -> 0 | R68: {=IF(L68<>"", SUMPRODUCT((OFFSET(L68,0,0,L$16,1)=$T$24) +0),"")} -> 0 | AB68: =IF(ROW()-$AA$51 < (H$16+1)^5, MOD(_xlfn.FLOOR.MATH((ROW()-$AA$51)/AB$50), H$16+1), "") -> 0 | AC68: =IF(ROW()-$AA$51 < (I$16+1)^5, MOD(_xlfn.FLOOR.MATH((ROW()-$AA$51)/AC$50), I$16+1), "") -> 0 | AD68: =IF(ROW()-$AA$51 < (J$16+1)^5, MOD(_xlfn.FLOOR.MATH((ROW()-$AA$51)/AD$50), J$16+1), "") -> 1 | AE68: =IF(ROW()-$AA$51 < (K$16+1)^5, MOD(_xlfn.FLOOR.MATH((ROW()-$AA$51)/AE$50), K$16+1), "") -> 0 | AF68: =IF(ROW()-$AA$51 < (L$16+1)^5, MOD(_xlfn.FLOOR.MATH((ROW()-$AA$51)/AF$50), L$16+1), "") -> 0 | AG68: =IF(ROW($AA68) - $AA$51 < ($H$16+1)^5, SUM(AB68:AF68), "") -> 1 | AH68: =IF(ROW($AA68) - $AA$51 < (4)^5, (_xlfn.XLOOKUP(AB68,$T$51:$T$55,U$51:U$55,0)/U$27) * (_xlfn.XLOOKUP(AC68,$T$51:$T$55,V$51:V$55,0)/V$27) * (_xlfn.XLOOKUP(AD68,$T$51:$T$55,W$51:W$55,0)/W$27) * (_xlfn.XLOOKUP(AE68,$T$51:$T$55,X$51:X$55,0)/X$27) * (_xlfn.XLOOKUP(AF68,$T$51:$T$55,Y$51:Y$55,0)/Y$27), "") -> 0.06156338 | AI68: =IF(ROW($AA68) - $AA$51 < ($H$16+1)^5, IF(AG68 >= BaseBonus!$C$16, AG68*BaseBonus!$E$31, 0), "") -> 0 | AJ68: =IF(ROW($AA68) - $AA$51 < ($H$16+1)^5, AH68*AI68, "") -> 0 | AM68: =IF(AM67<>"",IF(SUM($H$16:$J$16)>=AM67+1,AM67+1,""),"")
A69: P6 | B69: P3 | C69: P2 | D69: P6 | E69: P3 | H69: {=IF(ROW(A69)-H$15 < H$14,A69,IF(ROW(A69) - H$15 -H$16 + 1 < H$14,INDIRECT(ADDRESS(MOD(ROW(A69) - H$15, H$14) + H$15, COLUMN(A69))),""))} -> P6 | I69: {=IF(ROW(B69)-I$15 < I$14,B69,IF(ROW(B69) - I$15 -I$16 + 1 < I$14,INDIRECT(ADDRESS(MOD(ROW(B69) - I$15, I$14) + I$15, COLUMN(B69))),""))} -> P3 | J69: {=IF(ROW(C69)-J$15 < J$14,C69,IF(ROW(C69) - J$15 -J$16 + 1 < J$14,INDIRECT(ADDRESS(MOD(ROW(C69) - J$15, J$14) + J$15, COLUMN(C69))),""))} -> P2 | K69: {=IF(ROW(D69)-K$15 < K$14,D69,IF(ROW(D69) - K$15 -K$16 + 1 < K$14,INDIRECT(ADDRESS(MOD(ROW(D69) - K$15, K$14) + K$15, COLUMN(D69))),""))} -> P6 | L69: {=IF(ROW(E69)-L$15 < L$14,E69,IF(ROW(E69) - L$15 -L$16 + 1 < L$14,INDIRECT(ADDRESS(MOD(ROW(E69) - L$15, L$14) + L$15, COLUMN(E69))),""))} -> P3 | N69: {=IF(H69<>"", SUMPRODUCT((OFFSET(H69,0,0,H$16,1)=$T$24) +0),"")} -> 0 | O69: {=IF(I69<>"", SUMPRODUCT((OFFSET(I69,0,0,I$16,1)=$T$24) +0),"")} -> 0 | P69: {=IF(J69<>"", SUMPRODUCT((OFFSET(J69,0,0,J$16,1)=$T$24) +0),"")} -> 0 | Q69: {=IF(K69<>"", SUMPRODUCT((OFFSET(K69,0,0,K$16,1)=$T$24) +0),"")} -> 0 | R69: {=IF(L69<>"", SUMPRODUCT((OFFSET(L69,0,0,L$16,1)=$T$24) +0),"")} -> 0 | AB69: =IF(ROW()-$AA$51 < (H$16+1)^5, MOD(_xlfn.FLOOR.MATH((ROW()-$AA$51)/AB$50), H$16+1), "") -> 1 | AC69: =IF(ROW()-$AA$51 < (I$16+1)^5, MOD(_xlfn.FLOOR.MATH((ROW()-$AA$51)/AC$50), I$16+1), "") -> 0 | AD69: =IF(ROW()-$AA$51 < (J$16+1)^5, MOD(_xlfn.FLOOR.MATH((ROW()-$AA$51)/AD$50), J$16+1), "") -> 1 | AE69: =IF(ROW()-$AA$51 < (K$16+1)^5, MOD(_xlfn.FLOOR.MATH((ROW()-$AA$51)/AE$50), K$16+1), "") -> 0 | AF69: =IF(ROW()-$AA$51 < (L$16+1)^5, MOD(_xlfn.FLOOR.MATH((ROW()-$AA$51)/AF$50), L$16+1), "") -> 0 | AG69: =IF(ROW($AA69) - $AA$51 < ($H$16+1)^5, SUM(AB69:AF69), "") -> 2 | AH69: =IF(ROW($AA69) - $AA$51 < (4)^5, (_xlfn.XLOOKUP(AB69,$T$51:$T$55,U$51:U$55,0)/U$27) * (_xlfn.XLOOKUP(AC69,$T$51:$T$55,V$51:V$55,0)/V$27) * (_xlfn.XLOOKUP(AD69,$T$51:$T$55,W$51:W$55,0)/W$27) * (_xlfn.XLOOKUP(AE69,$T$51:$T$55,X$51:X$55,0)/X$27) * (_xlfn.XLOOKUP(AF69,$T$51:$T$55,Y$51:Y$55,0)/Y$27), "") -> 0.011543134 | AI69: =IF(ROW($AA69) - $AA$51 < ($H$16+1)^5, IF(AG69 >= BaseBonus!$C$16, AG69*BaseBonus!$E$31, 0), "") -> 0 | AJ69: =IF(ROW($AA69) - $AA$51 < ($H$16+1)^5, AH69*AI69, "") -> 0 | AM69: =IF(AM68<>"",IF(SUM($H$16:$J$16)>=AM68+1,AM68+1,""),"")
A70: P4 | B70: P4 | C70: P6 | D70: P2 | E70: P4 | H70: {=IF(ROW(A70)-H$15 < H$14,A70,IF(ROW(A70) - H$15 -H$16 + 1 < H$14,INDIRECT(ADDRESS(MOD(ROW(A70) - H$15, H$14) + H$15, COLUMN(A70))),""))} -> P4 | I70: {=IF(ROW(B70)-I$15 < I$14,B70,IF(ROW(B70) - I$15 -I$16 + 1 < I$14,INDIRECT(ADDRESS(MOD(ROW(B70) - I$15, I$14) + I$15, COLUMN(B70))),""))} -> P4 | J70: {=IF(ROW(C70)-J$15 < J$14,C70,IF(ROW(C70) - J$15 -J$16 + 1 < J$14,INDIRECT(ADDRESS(MOD(ROW(C70) - J$15, J$14) + J$15, COLUMN(C70))),""))} -> P6 | K70: {=IF(ROW(D70)-K$15 < K$14,D70,IF(ROW(D70) - K$15 -K$16 + 1 < K$14,INDIRECT(ADDRESS(MOD(ROW(D70) - K$15, K$14) + K$15, COLUMN(D70))),""))} -> P2 | L70: {=IF(ROW(E70)-L$15 < L$14,E70,IF(ROW(E70) - L$15 -L$16 + 1 < L$14,INDIRECT(ADDRESS(MOD(ROW(E70) - L$15, L$14) + L$15, COLUMN(E70))),""))} -> P4 | N70: {=IF(H70<>"", SUMPRODUCT((OFFSET(H70,0,0,H$16,1)=$T$24) +0),"")} -> 0 | O70: {=IF(I70<>"", SUMPRODUCT((OFFSET(I70,0,0,I$16,1)=$T$24) +0),"")} -> 0 | P70: {=IF(J70<>"", SUMPRODUCT((OFFSET(J70,0,0,J$16,1)=$T$24) +0),"")} -> 0 | Q70: {=IF(K70<>"", SUMPRODUCT((OFFSET(K70,0,0,K$16,1)=$T$24) +0),"")} -> 0 | R70: {=IF(L70<>"", SUMPRODUCT((OFFSET(L70,0,0,L$16,1)=$T$24) +0),"")} -> 0 | AB70: =IF(ROW()-$AA$51 < (H$16+1)^5, MOD(_xlfn.FLOOR.MATH((ROW()-$AA$51)/AB$50), H$16+1), "") -> 2 | AC70: =IF(ROW()-$AA$51 < (I$16+1)^5, MOD(_xlfn.FLOOR.MATH((ROW()-$AA$51)/AC$50), I$16+1), "") -> 0 | AD70: =IF(ROW()-$AA$51 < (J$16+1)^5, MOD(_xlfn.FLOOR.MATH((ROW()-$AA$51)/AD$50), J$16+1), "") -> 1 | AE70: =IF(ROW()-$AA$51 < (K$16+1)^5, MOD(_xlfn.FLOOR.MATH((ROW()-$AA$51)/AE$50), K$16+1), "") -> 0 | AF70: =IF(ROW()-$AA$51 < (L$16+1)^5, MOD(_xlfn.FLOOR.MATH((ROW()-$AA$51)/AF$50), L$16+1), "") -> 0 | AG70: =IF(ROW($AA70) - $AA$51 < ($H$16+1)^5, SUM(AB70:AF70), "") -> 3 | AH70: =IF(ROW($AA70) - $AA$51 < (4)^5, (_xlfn.XLOOKUP(AB70,$T$51:$T$55,U$51:U$55,0)/U$27) * (_xlfn.XLOOKUP(AC70,$T$51:$T$55,V$51:V$55,0)/V$27) * (_xlfn.XLOOKUP(AD70,$T$51:$T$55,W$51:W$55,0)/W$27) * (_xlfn.XLOOKUP(AE70,$T$51:$T$55,X$51:X$55,0)/X$27) * (_xlfn.XLOOKUP(AF70,$T$51:$T$55,Y$51:Y$55,0)/Y$27), "") -> 0.0057715668 | AI70: =IF(ROW($AA70) - $AA$51 < ($H$16+1)^5, IF(AG70 >= BaseBonus!$C$16, AG70*BaseBonus!$E$31, 0), "") -> 0 | AJ70: =IF(ROW($AA70) - $AA$51 < ($H$16+1)^5, AH70*AI70, "") -> 0 | AM70: =IF(AM69<>"",IF(SUM($H$16:$J$16)>=AM69+1,AM69+1,""),"")
A71: P5 | B71: P6 | C71: P6 | D71: P3 | E71: P6 | H71: {=IF(ROW(A71)-H$15 < H$14,A71,IF(ROW(A71) - H$15 -H$16 + 1 < H$14,INDIRECT(ADDRESS(MOD(ROW(A71) - H$15, H$14) + H$15, COLUMN(A71))),""))} -> P5 | I71: {=IF(ROW(B71)-I$15 < I$14,B71,IF(ROW(B71) - I$15 -I$16 + 1 < I$14,INDIRECT(ADDRESS(MOD(ROW(B71) - I$15, I$14) + I$15, COLUMN(B71))),""))} -> P6 | J71: {=IF(ROW(C71)-J$15 < J$14,C71,IF(ROW(C71) - J$15 -J$16 + 1 < J$14,INDIRECT(ADDRESS(MOD(ROW(C71) - J$15, J$14) + J$15, COLUMN(C71))),""))} -> P6 | K71: {=IF(ROW(D71)-K$15 < K$14,D71,IF(ROW(D71) - K$15 -K$16 + 1 < K$14,INDIRECT(ADDRESS(MOD(ROW(D71) - K$15, K$14) + K$15, COLUMN(D71))),""))} -> P3 | L71: {=IF(ROW(E71)-L$15 < L$14,E71,IF(ROW(E71) - L$15 -L$16 + 1 < L$14,INDIRECT(ADDRESS(MOD(ROW(E71) - L$15, L$14) + L$15, COLUMN(E71))),""))} -> P6 | N71: {=IF(H71<>"", SUMPRODUCT((OFFSET(H71,0,0,H$16,1)=$T$24) +0),"")} -> 0 | O71: {=IF(I71<>"", SUMPRODUCT((OFFSET(I71,0,0,I$16,1)=$T$24) +0),"")} -> 0 | P71: {=IF(J71<>"", SUMPRODUCT((OFFSET(J71,0,0,J$16,1)=$T$24) +0),"")} -> 1 | Q71: {=IF(K71<>"", SUMPRODUCT((OFFSET(K71,0,0,K$16,1)=$T$24) +0),"")} -> 0 | R71: {=IF(L71<>"", SUMPRODUCT((OFFSET(L71,0,0,L$16,1)=$T$24) +0),"")} -> 1 | AB71: =IF(ROW()-$AA$51 < (H$16+1)^5, MOD(_xlfn.FLOOR.MATH((ROW()-$AA$51)/AB$50), H$16+1), "") -> 3 | AC71: =IF(ROW()-$AA$51 < (I$16+1)^5, MOD(_xlfn.FLOOR.MATH((ROW()-$AA$51)/AC$50), I$16+1), "") -> 0 | AD71: =IF(ROW()-$AA$51 < (J$16+1)^5, MOD(_xlfn.FLOOR.MATH((ROW()-$AA$51)/AD$50), J$16+1), "") -> 1 | AE71: =IF(ROW()-$AA$51 < (K$16+1)^5, MOD(_xlfn.FLOOR.MATH((ROW()-$AA$51)/AE$50), K$16+1), "") -> 0 | AF71: =IF(ROW()-$AA$51 < (L$16+1)^5, MOD(_xlfn.FLOOR.MATH((ROW()-$AA$51)/AF$50), L$16+1), "") -> 0 | AG71: =IF(ROW($AA71) - $AA$51 < ($H$16+1)^5, SUM(AB71:AF71), "") -> 4 | AH71: =IF(ROW($AA71) - $AA$51 < (4)^5, (_xlfn.XLOOKUP(AB71,$T$51:$T$55,U$51:U$55,0)/U$27) * (_xlfn.XLOOKUP(AC71,$T$51:$T$55,V$51:V$55,0)/V$27) * (_xlfn.XLOOKUP(AD71,$T$51:$T$55,W$51:W$55,0)/W$27) * (_xlfn.XLOOKUP(AE71,$T$51:$T$55,X$51:X$55,0)/X$27) * (_xlfn.XLOOKUP(AF71,$T$51:$T$55,Y$51:Y$55,0)/Y$27), "") -> 0 | AI71: =IF(ROW($AA71) - $AA$51 < ($H$16+1)^5, IF(AG71 >= BaseBonus!$C$16, AG71*BaseBonus!$E$31, 0), "") -> 0 | AJ71: =IF(ROW($AA71) - $AA$51 < ($H$16+1)^5, AH71*AI71, "") -> 0 | AM71: =IF(AM70<>"",IF(SUM($H$16:$J$16)>=AM70+1,AM70+1,""),"")
A72: P2 | B72: P2 | C72: P4 | D72: P2 | E72: P1 | H72: {=IF(ROW(A72)-H$15 < H$14,A72,IF(ROW(A72) - H$15 -H$16 + 1 < H$14,INDIRECT(ADDRESS(MOD(ROW(A72) - H$15, H$14) + H$15, COLUMN(A72))),""))} -> P2 | I72: {=IF(ROW(B72)-I$15 < I$14,B72,IF(ROW(B72) - I$15 -I$16 + 1 < I$14,INDIRECT(ADDRESS(MOD(ROW(B72) - I$15, I$14) + I$15, COLUMN(B72))),""))} -> P2 | J72: {=IF(ROW(C72)-J$15 < J$14,C72,IF(ROW(C72) - J$15 -J$16 + 1 < J$14,INDIRECT(ADDRESS(MOD(ROW(C72) - J$15, J$14) + J$15, COLUMN(C72))),""))} -> P4 | K72: {=IF(ROW(D72)-K$15 < K$14,D72,IF(ROW(D72) - K$15 -K$16 + 1 < K$14,INDIRECT(ADDRESS(MOD(ROW(D72) - K$15, K$14) + K$15, COLUMN(D72))),""))} -> P2 | L72: {=IF(ROW(E72)-L$15 < L$14,E72,IF(ROW(E72) - L$15 -L$16 + 1 < L$14,INDIRECT(ADDRESS(MOD(ROW(E72) - L$15, L$14) + L$15, COLUMN(E72))),""))} -> P1 | N72: {=IF(H72<>"", SUMPRODUCT((OFFSET(H72,0,0,H$16,1)=$T$24) +0),"")} -> 0 | O72: {=IF(I72<>"", SUMPRODUCT((OFFSET(I72,0,0,I$16,1)=$T$24) +0),"")} -> 0 | P72: {=IF(J72<>"", SUMPRODUCT((OFFSET(J72,0,0,J$16,1)=$T$24) +0),"")} -> 1 | Q72: {=IF(K72<>"", SUMPRODUCT((OFFSET(K72,0,0,K$16,1)=$T$24) +0),"")} -> 0 | R72: {=IF(L72<>"", SUMPRODUCT((OFFSET(L72,0,0,L$16,1)=$T$24) +0),"")} -> 2 | AB72: =IF(ROW()-$AA$51 < (H$16+1)^5, MOD(_xlfn.FLOOR.MATH((ROW()-$AA$51)/AB$50), H$16+1), "") -> 0 | AC72: =IF(ROW()-$AA$51 < (I$16+1)^5, MOD(_xlfn.FLOOR.MATH((ROW()-$AA$51)/AC$50), I$16+1), "") -> 1 | AD72: =IF(ROW()-$AA$51 < (J$16+1)^5, MOD(_xlfn.FLOOR.MATH((ROW()-$AA$51)/AD$50), J$16+1), "") -> 1 | AE72: =IF(ROW()-$AA$51 < (K$16+1)^5, MOD(_xlfn.FLOOR.MATH((ROW()-$AA$51)/AE$50), K$16+1), "") -> 0 | AF72: =IF(ROW()-$AA$51 < (L$16+1)^5, MOD(_xlfn.FLOOR.MATH((ROW()-$AA$51)/AF$50), L$16+1), "") -> 0 | AG72: =IF(ROW($AA72) - $AA$51 < ($H$16+1)^5, SUM(AB72:AF72), "") -> 2 | AH72: =IF(ROW($AA72) - $AA$51 < (4)^5, (_xlfn.XLOOKUP(AB72,$T$51:$T$55,U$51:U$55,0)/U$27) * (_xlfn.XLOOKUP(AC72,$T$51:$T$55,V$51:V$55,0)/V$27) * (_xlfn.XLOOKUP(AD72,$T$51:$T$55,W$51:W$55,0)/W$27) * (_xlfn.XLOOKUP(AE72,$T$51:$T$55,X$51:X$55,0)/X$27) * (_xlfn.XLOOKUP(AF72,$T$51:$T$55,Y$51:Y$55,0)/Y$27), "") -> 0.018782048 | AI72: =IF(ROW($AA72) - $AA$51 < ($H$16+1)^5, IF(AG72 >= BaseBonus!$C$16, AG72*BaseBonus!$E$31, 0), "") -> 0 | AJ72: =IF(ROW($AA72) - $AA$51 < ($H$16+1)^5, AH72*AI72, "") -> 0 | AM72: =IF(AM71<>"",IF(SUM($H$16:$J$16)>=AM71+1,AM71+1,""),"")
A73: P4 | B73: P3 | C73: CP | D73: P3 | E73: CP | H73: {=IF(ROW(A73)-H$15 < H$14,A73,IF(ROW(A73) - H$15 -H$16 + 1 < H$14,INDIRECT(ADDRESS(MOD(ROW(A73) - H$15, H$14) + H$15, COLUMN(A73))),""))} -> P4 | I73: {=IF(ROW(B73)-I$15 < I$14,B73,IF(ROW(B73) - I$15 -I$16 + 1 < I$14,INDIRECT(ADDRESS(MOD(ROW(B73) - I$15, I$14) + I$15, COLUMN(B73))),""))} -> P3 | J73: {=IF(ROW(C73)-J$15 < J$14,C73,IF(ROW(C73) - J$15 -J$16 + 1 < J$14,INDIRECT(ADDRESS(MOD(ROW(C73) - J$15, J$14) + J$15, COLUMN(C73))),""))} -> CP | K73: {=IF(ROW(D73)-K$15 < K$14,D73,IF(ROW(D73) - K$15 -K$16 + 1 < K$14,INDIRECT(ADDRESS(MOD(ROW(D73) - K$15, K$14) + K$15, COLUMN(D73))),""))} -> P3 | L73: {=IF(ROW(E73)-L$15 < L$14,E73,IF(ROW(E73) - L$15 -L$16 + 1 < L$14,INDIRECT(ADDRESS(MOD(ROW(E73) - L$15, L$14) + L$15, COLUMN(E73))),""))} -> CP | N73: {=IF(H73<>"", SUMPRODUCT((OFFSET(H73,0,0,H$16,1)=$T$24) +0),"")} -> 0 | O73: {=IF(I73<>"", SUMPRODUCT((OFFSET(I73,0,0,I$16,1)=$T$24) +0),"")} -> 0 | P73: {=IF(J73<>"", SUMPRODUCT((OFFSET(J73,0,0,J$16,1)=$T$24) +0),"")} -> 1 | Q73: {=IF(K73<>"", SUMPRODUCT((OFFSET(K73,0,0,K$16,1)=$T$24) +0),"")} -> 0 | R73: {=IF(L73<>"", SUMPRODUCT((OFFSET(L73,0,0,L$16,1)=$T$24) +0),"")} -> 2 | AB73: =IF(ROW()-$AA$51 < (H$16+1)^5, MOD(_xlfn.FLOOR.MATH((ROW()-$AA$51)/AB$50), H$16+1), "") -> 1 | AC73: =IF(ROW()-$AA$51 < (I$16+1)^5, MOD(_xlfn.FLOOR.MATH((ROW()-$AA$51)/AC$50), I$16+1), "") -> 1 | AD73: =IF(ROW()-$AA$51 < (J$16+1)^5, MOD(_xlfn.FLOOR.MATH((ROW()-$AA$51)/AD$50), J$16+1), "") -> 1 | AE73: =IF(ROW()-$AA$51 < (K$16+1)^5, MOD(_xlfn.FLOOR.MATH((ROW()-$AA$51)/AE$50), K$16+1), "") -> 0 | AF73: =IF(ROW()-$AA$51 < (L$16+1)^5, MOD(_xlfn.FLOOR.MATH((ROW()-$AA$51)/AF$50), L$16+1), "") -> 0 | AG73: =IF(ROW($AA73) - $AA$51 < ($H$16+1)^5, SUM(AB73:AF73), "") -> 3 | AH73: =IF(ROW($AA73) - $AA$51 < (4)^5, (_xlfn.XLOOKUP(AB73,$T$51:$T$55,U$51:U$55,0)/U$27) * (_xlfn.XLOOKUP(AC73,$T$51:$T$55,V$51:V$55,0)/V$27) * (_xlfn.XLOOKUP(AD73,$T$51:$T$55,W$51:W$55,0)/W$27) * (_xlfn.XLOOKUP(AE73,$T$51:$T$55,X$51:X$55,0)/X$27) * (_xlfn.XLOOKUP(AF73,$T$51:$T$55,Y$51:Y$55,0)/Y$27), "") -> 0.003521634 | AI73: =IF(ROW($AA73) - $AA$51 < ($H$16+1)^5, IF(AG73 >= BaseBonus!$C$16, AG73*BaseBonus!$E$31, 0), "") -> 0 | AJ73: =IF(ROW($AA73) - $AA$51 < ($H$16+1)^5, AH73*AI73, "") -> 0
A74: P1 | B74: P2 | C74: P2 | D74: P6 | E74: CP | H74: {=IF(ROW(A74)-H$15 < H$14,A74,IF(ROW(A74) - H$15 -H$16 + 1 < H$14,INDIRECT(ADDRESS(MOD(ROW(A74) - H$15, H$14) + H$15, COLUMN(A74))),""))} -> P1 | I74: {=IF(ROW(B74)-I$15 < I$14,B74,IF(ROW(B74) - I$15 -I$16 + 1 < I$14,INDIRECT(ADDRESS(MOD(ROW(B74) - I$15, I$14) + I$15, COLUMN(B74))),""))} -> P2 | J74: {=IF(ROW(C74)-J$15 < J$14,C74,IF(ROW(C74) - J$15 -J$16 + 1 < J$14,INDIRECT(ADDRESS(MOD(ROW(C74) - J$15, J$14) + J$15, COLUMN(C74))),""))} -> P2 | K74: {=IF(ROW(D74)-K$15 < K$14,D74,IF(ROW(D74) - K$15 -K$16 + 1 < K$14,INDIRECT(ADDRESS(MOD(ROW(D74) - K$15, K$14) + K$15, COLUMN(D74))),""))} -> P6 | L74: {=IF(ROW(E74)-L$15 < L$14,E74,IF(ROW(E74) - L$15 -L$16 + 1 < L$14,INDIRECT(ADDRESS(MOD(ROW(E74) - L$15, L$14) + L$15, COLUMN(E74))),""))} -> CP | N74: {=IF(H74<>"", SUMPRODUCT((OFFSET(H74,0,0,H$16,1)=$T$24) +0),"")} -> 0 | O74: {=IF(I74<>"", SUMPRODUCT((OFFSET(I74,0,0,I$16,1)=$T$24) +0),"")} -> 0 | P74: {=IF(J74<>"", SUMPRODUCT((OFFSET(J74,0,0,J$16,1)=$T$24) +0),"")} -> 0 | Q74: {=IF(K74<>"", SUMPRODUCT((OFFSET(K74,0,0,K$16,1)=$T$24) +0),"")} -> 0 | R74: {=IF(L74<>"", SUMPRODUCT((OFFSET(L74,0,0,L$16,1)=$T$24) +0),"")} -> 1 | AB74: =IF(ROW()-$AA$51 < (H$16+1)^5, MOD(_xlfn.FLOOR.MATH((ROW()-$AA$51)/AB$50), H$16+1), "") -> 2 | AC74: =IF(ROW()-$AA$51 < (I$16+1)^5, MOD(_xlfn.FLOOR.MATH((ROW()-$AA$51)/AC$50), I$16+1), "") -> 1 | AD74: =IF(ROW()-$AA$51 < (J$16+1)^5, MOD(_xlfn.FLOOR.MATH((ROW()-$AA$51)/AD$50), J$16+1), "") -> 1 | AE74: =IF(ROW()-$AA$51 < (K$16+1)^5, MOD(_xlfn.FLOOR.MATH((ROW()-$AA$51)/AE$50), K$16+1), "") -> 0 | AF74: =IF(ROW()-$AA$51 < (L$16+1)^5, MOD(_xlfn.FLOOR.MATH((ROW()-$AA$51)/AF$50), L$16+1), "") -> 0 | AG74: =IF(ROW($AA74) - $AA$51 < ($H$16+1)^5, SUM(AB74:AF74), "") -> 4 | AH74: =IF(ROW($AA74) - $AA$51 < (4)^5, (_xlfn.XLOOKUP(AB74,$T$51:$T$55,U$51:U$55,0)/U$27) * (_xlfn.XLOOKUP(AC74,$T$51:$T$55,V$51:V$55,0)/V$27) * (_xlfn.XLOOKUP(AD74,$T$51:$T$55,W$51:W$55,0)/W$27) * (_xlfn.XLOOKUP(AE74,$T$51:$T$55,X$51:X$55,0)/X$27) * (_xlfn.XLOOKUP(AF74,$T$51:$T$55,Y$51:Y$55,0)/Y$27), "") -> 0.001760817 | AI74: =IF(ROW($AA74) - $AA$51 < ($H$16+1)^5, IF(AG74 >= BaseBonus!$C$16, AG74*BaseBonus!$E$31, 0), "") -> 0 | AJ74: =IF(ROW($AA74) - $AA$51 < ($H$16+1)^5, AH74*AI74, "") -> 0
A75: P6 | B75: P3 | C75: P5 | D75: P4 | E75: P4 | H75: {=IF(ROW(A75)-H$15 < H$14,A75,IF(ROW(A75) - H$15 -H$16 + 1 < H$14,INDIRECT(ADDRESS(MOD(ROW(A75) - H$15, H$14) + H$15, COLUMN(A75))),""))} -> P6 | I75: {=IF(ROW(B75)-I$15 < I$14,B75,IF(ROW(B75) - I$15 -I$16 + 1 < I$14,INDIRECT(ADDRESS(MOD(ROW(B75) - I$15, I$14) + I$15, COLUMN(B75))),""))} -> P3 | J75: {=IF(ROW(C75)-J$15 < J$14,C75,IF(ROW(C75) - J$15 -J$16 + 1 < J$14,INDIRECT(ADDRESS(MOD(ROW(C75) - J$15, J$14) + J$15, COLUMN(C75))),""))} -> P5 | K75: {=IF(ROW(D75)-K$15 < K$14,D75,IF(ROW(D75) - K$15 -K$16 + 1 < K$14,INDIRECT(ADDRESS(MOD(ROW(D75) - K$15, K$14) + K$15, COLUMN(D75))),""))} -> P4 | L75: {=IF(ROW(E75)-L$15 < L$14,E75,IF(ROW(E75) - L$15 -L$16 + 1 < L$14,INDIRECT(ADDRESS(MOD(ROW(E75) - L$15, L$14) + L$15, COLUMN(E75))),""))} -> P4 | N75: {=IF(H75<>"", SUMPRODUCT((OFFSET(H75,0,0,H$16,1)=$T$24) +0),"")} -> 0 | O75: {=IF(I75<>"", SUMPRODUCT((OFFSET(I75,0,0,I$16,1)=$T$24) +0),"")} -> 0 | P75: {=IF(J75<>"", SUMPRODUCT((OFFSET(J75,0,0,J$16,1)=$T$24) +0),"")} -> 0 | Q75: {=IF(K75<>"", SUMPRODUCT((OFFSET(K75,0,0,K$16,1)=$T$24) +0),"")} -> 0 | R75: {=IF(L75<>"", SUMPRODUCT((OFFSET(L75,0,0,L$16,1)=$T$24) +0),"")} -> 0 | AB75: =IF(ROW()-$AA$51 < (H$16+1)^5, MOD(_xlfn.FLOOR.MATH((ROW()-$AA$51)/AB$50), H$16+1), "") -> 3 | AC75: =IF(ROW()-$AA$51 < (I$16+1)^5, MOD(_xlfn.FLOOR.MATH((ROW()-$AA$51)/AC$50), I$16+1), "") -> 1 | AD75: =IF(ROW()-$AA$51 < (J$16+1)^5, MOD(_xlfn.FLOOR.MATH((ROW()-$AA$51)/AD$50), J$16+1), "") -> 1 | AE75: =IF(ROW()-$AA$51 < (K$16+1)^5, MOD(_xlfn.FLOOR.MATH((ROW()-$AA$51)/AE$50), K$16+1), "") -> 0 | AF75: =IF(ROW()-$AA$51 < (L$16+1)^5, MOD(_xlfn.FLOOR.MATH((ROW()-$AA$51)/AF$50), L$16+1), "") -> 0 | AG75: =IF(ROW($AA75) - $AA$51 < ($H$16+1)^5, SUM(AB75:AF75), "") -> 5 | AH75: =IF(ROW($AA75) - $AA$51 < (4)^5, (_xlfn.XLOOKUP(AB75,$T$51:$T$55,U$51:U$55,0)/U$27) * (_xlfn.XLOOKUP(AC75,$T$51:$T$55,V$51:V$55,0)/V$27) * (_xlfn.XLOOKUP(AD75,$T$51:$T$55,W$51:W$55,0)/W$27) * (_xlfn.XLOOKUP(AE75,$T$51:$T$55,X$51:X$55,0)/X$27) * (_xlfn.XLOOKUP(AF75,$T$51:$T$55,Y$51:Y$55,0)/Y$27), "") -> 0 | AI75: =IF(ROW($AA75) - $AA$51 < ($H$16+1)^5, IF(AG75 >= BaseBonus!$C$16, AG75*BaseBonus!$E$31, 0), "") -> 4.6952679 | AJ75: =IF(ROW($AA75) - $AA$51 < ($H$16+1)^5, AH75*AI75, "") -> 0
A76: P6 | B76: P6 | C76: P1 | D76: P3 | E76: P6 | H76: {=IF(ROW(A76)-H$15 < H$14,A76,IF(ROW(A76) - H$15 -H$16 + 1 < H$14,INDIRECT(ADDRESS(MOD(ROW(A76) - H$15, H$14) + H$15, COLUMN(A76))),""))} -> P6 | I76: {=IF(ROW(B76)-I$15 < I$14,B76,IF(ROW(B76) - I$15 -I$16 + 1 < I$14,INDIRECT(ADDRESS(MOD(ROW(B76) - I$15, I$14) + I$15, COLUMN(B76))),""))} -> P6 | J76: {=IF(ROW(C76)-J$15 < J$14,C76,IF(ROW(C76) - J$15 -J$16 + 1 < J$14,INDIRECT(ADDRESS(MOD(ROW(C76) - J$15, J$14) + J$15, COLUMN(C76))),""))} -> P1 | K76: {=IF(ROW(D76)-K$15 < K$14,D76,IF(ROW(D76) - K$15 -K$16 + 1 < K$14,INDIRECT(ADDRESS(MOD(ROW(D76) - K$15, K$14) + K$15, COLUMN(D76))),""))} -> P3 | L76: {=IF(ROW(E76)-L$15 < L$14,E76,IF(ROW(E76) - L$15 -L$16 + 1 < L$14,INDIRECT(ADDRESS(MOD(ROW(E76) - L$15, L$14) + L$15, COLUMN(E76))),""))} -> P6 | N76: {=IF(H76<>"", SUMPRODUCT((OFFSET(H76,0,0,H$16,1)=$T$24) +0),"")} -> 0 | O76: {=IF(I76<>"", SUMPRODUCT((OFFSET(I76,0,0,I$16,1)=$T$24) +0),"")} -> 0 | P76: {=IF(J76<>"", SUMPRODUCT((OFFSET(J76,0,0,J$16,1)=$T$24) +0),"")} -> 0 | Q76: {=IF(K76<>"", SUMPRODUCT((OFFSET(K76,0,0,K$16,1)=$T$24) +0),"")} -> 0 | R76: {=IF(L76<>"", SUMPRODUCT((OFFSET(L76,0,0,L$16,1)=$T$24) +0),"")} -> 0 | AB76: =IF(ROW()-$AA$51 < (H$16+1)^5, MOD(_xlfn.FLOOR.MATH((ROW()-$AA$51)/AB$50), H$16+1), "") -> 0 | AC76: =IF(ROW()-$AA$51 < (I$16+1)^5, MOD(_xlfn.FLOOR.MATH((ROW()-$AA$51)/AC$50), I$16+1), "") -> 2 | AD76: =IF(ROW()-$AA$51 < (J$16+1)^5, MOD(_xlfn.FLOOR.MATH((ROW()-$AA$51)/AD$50), J$16+1), "") -> 1 | AE76: =IF(ROW()-$AA$51 < (K$16+1)^5, MOD(_xlfn.FLOOR.MATH((ROW()-$AA$51)/AE$50), K$16+1), "") -> 0 | AF76: =IF(ROW()-$AA$51 < (L$16+1)^5, MOD(_xlfn.FLOOR.MATH((ROW()-$AA$51)/AF$50), L$16+1), "") -> 0 | AG76: =IF(ROW($AA76) - $AA$51 < ($H$16+1)^5, SUM(AB76:AF76), "") -> 3 | AH76: =IF(ROW($AA76) - $AA$51 < (4)^5, (_xlfn.XLOOKUP(AB76,$T$51:$T$55,U$51:U$55,0)/U$27) * (_xlfn.XLOOKUP(AC76,$T$51:$T$55,V$51:V$55,0)/V$27) * (_xlfn.XLOOKUP(AD76,$T$51:$T$55,W$51:W$55,0)/W$27) * (_xlfn.XLOOKUP(AE76,$T$51:$T$55,X$51:X$55,0)/X$27) * (_xlfn.XLOOKUP(AF76,$T$51:$T$55,Y$51:Y$55,0)/Y$27), "") -> 0.0031303413 | AI76: =IF(ROW($AA76) - $AA$51 < ($H$16+1)^5, IF(AG76 >= BaseBonus!$C$16, AG76*BaseBonus!$E$31, 0), "") -> 0 | AJ76: =IF(ROW($AA76) - $AA$51 < ($H$16+1)^5, AH76*AI76, "") -> 0
A77: P4 | B77: P4 | C77: SCAT | D77: P2 | E77: P4 | H77: {=IF(ROW(A77)-H$15 < H$14,A77,IF(ROW(A77) - H$15 -H$16 + 1 < H$14,INDIRECT(ADDRESS(MOD(ROW(A77) - H$15, H$14) + H$15, COLUMN(A77))),""))} -> P4 | I77: {=IF(ROW(B77)-I$15 < I$14,B77,IF(ROW(B77) - I$15 -I$16 + 1 < I$14,INDIRECT(ADDRESS(MOD(ROW(B77) - I$15, I$14) + I$15, COLUMN(B77))),""))} -> P4 | J77: {=IF(ROW(C77)-J$15 < J$14,C77,IF(ROW(C77) - J$15 -J$16 + 1 < J$14,INDIRECT(ADDRESS(MOD(ROW(C77) - J$15, J$14) + J$15, COLUMN(C77))),""))} -> SCAT | K77: {=IF(ROW(D77)-K$15 < K$14,D77,IF(ROW(D77) - K$15 -K$16 + 1 < K$14,INDIRECT(ADDRESS(MOD(ROW(D77) - K$15, K$14) + K$15, COLUMN(D77))),""))} -> P2 | L77: {=IF(ROW(E77)-L$15 < L$14,E77,IF(ROW(E77) - L$15 -L$16 + 1 < L$14,INDIRECT(ADDRESS(MOD(ROW(E77) - L$15, L$14) + L$15, COLUMN(E77))),""))} -> P4 | N77: {=IF(H77<>"", SUMPRODUCT((OFFSET(H77,0,0,H$16,1)=$T$24) +0),"")} -> 0 | O77: {=IF(I77<>"", SUMPRODUCT((OFFSET(I77,0,0,I$16,1)=$T$24) +0),"")} -> 0 | P77: {=IF(J77<>"", SUMPRODUCT((OFFSET(J77,0,0,J$16,1)=$T$24) +0),"")} -> 0 | Q77: {=IF(K77<>"", SUMPRODUCT((OFFSET(K77,0,0,K$16,1)=$T$24) +0),"")} -> 0 | R77: {=IF(L77<>"", SUMPRODUCT((OFFSET(L77,0,0,L$16,1)=$T$24) +0),"")} -> 0 | AB77: =IF(ROW()-$AA$51 < (H$16+1)^5, MOD(_xlfn.FLOOR.MATH((ROW()-$AA$51)/AB$50), H$16+1), "") -> 1 | AC77: =IF(ROW()-$AA$51 < (I$16+1)^5, MOD(_xlfn.FLOOR.MATH((ROW()-$AA$51)/AC$50), I$16+1), "") -> 2 | AD77: =IF(ROW()-$AA$51 < (J$16+1)^5, MOD(_xlfn.FLOOR.MATH((ROW()-$AA$51)/AD$50), J$16+1), "") -> 1 | AE77: =IF(ROW()-$AA$51 < (K$16+1)^5, MOD(_xlfn.FLOOR.MATH((ROW()-$AA$51)/AE$50), K$16+1), "") -> 0 | AF77: =IF(ROW()-$AA$51 < (L$16+1)^5, MOD(_xlfn.FLOOR.MATH((ROW()-$AA$51)/AF$50), L$16+1), "") -> 0 | AG77: =IF(ROW($AA77) - $AA$51 < ($H$16+1)^5, SUM(AB77:AF77), "") -> 4 | AH77: =IF(ROW($AA77) - $AA$51 < (4)^5, (_xlfn.XLOOKUP(AB77,$T$51:$T$55,U$51:U$55,0)/U$27) * (_xlfn.XLOOKUP(AC77,$T$51:$T$55,V$51:V$55,0)/V$27) * (_xlfn.XLOOKUP(AD77,$T$51:$T$55,W$51:W$55,0)/W$27) * (_xlfn.XLOOKUP(AE77,$T$51:$T$55,X$51:X$55,0)/X$27) * (_xlfn.XLOOKUP(AF77,$T$51:$T$55,Y$51:Y$55,0)/Y$27), "") -> 0.000586939 | AI77: =IF(ROW($AA77) - $AA$51 < ($H$16+1)^5, IF(AG77 >= BaseBonus!$C$16, AG77*BaseBonus!$E$31, 0), "") -> 0 | AJ77: =IF(ROW($AA77) - $AA$51 < ($H$16+1)^5, AH77*AI77, "") -> 0
A78: P2 | B78: P3 | C78: P3 | D78: P1 | E78: P1 | H78: {=IF(ROW(A78)-H$15 < H$14,A78,IF(ROW(A78) - H$15 -H$16 + 1 < H$14,INDIRECT(ADDRESS(MOD(ROW(A78) - H$15, H$14) + H$15, COLUMN(A78))),""))} -> P2 | I78: {=IF(ROW(B78)-I$15 < I$14,B78,IF(ROW(B78) - I$15 -I$16 + 1 < I$14,INDIRECT(ADDRESS(MOD(ROW(B78) - I$15, I$14) + I$15, COLUMN(B78))),""))} -> P3 | J78: {=IF(ROW(C78)-J$15 < J$14,C78,IF(ROW(C78) - J$15 -J$16 + 1 < J$14,INDIRECT(ADDRESS(MOD(ROW(C78) - J$15, J$14) + J$15, COLUMN(C78))),""))} -> P3 | K78: {=IF(ROW(D78)-K$15 < K$14,D78,IF(ROW(D78) - K$15 -K$16 + 1 < K$14,INDIRECT(ADDRESS(MOD(ROW(D78) - K$15, K$14) + K$15, COLUMN(D78))),""))} -> P1 | L78: {=IF(ROW(E78)-L$15 < L$14,E78,IF(ROW(E78) - L$15 -L$16 + 1 < L$14,INDIRECT(ADDRESS(MOD(ROW(E78) - L$15, L$14) + L$15, COLUMN(E78))),""))} -> P1 | N78: {=IF(H78<>"", SUMPRODUCT((OFFSET(H78,0,0,H$16,1)=$T$24) +0),"")} -> 0 | O78: {=IF(I78<>"", SUMPRODUCT((OFFSET(I78,0,0,I$16,1)=$T$24) +0),"")} -> 0 | P78: {=IF(J78<>"", SUMPRODUCT((OFFSET(J78,0,0,J$16,1)=$T$24) +0),"")} -> 0 | Q78: {=IF(K78<>"", SUMPRODUCT((OFFSET(K78,0,0,K$16,1)=$T$24) +0),"")} -> 0 | R78: {=IF(L78<>"", SUMPRODUCT((OFFSET(L78,0,0,L$16,1)=$T$24) +0),"")} -> 0 | AB78: =IF(ROW()-$AA$51 < (H$16+1)^5, MOD(_xlfn.FLOOR.MATH((ROW()-$AA$51)/AB$50), H$16+1), "") -> 2 | AC78: =IF(ROW()-$AA$51 < (I$16+1)^5, MOD(_xlfn.FLOOR.MATH((ROW()-$AA$51)/AC$50), I$16+1), "") -> 2 | AD78: =IF(ROW()-$AA$51 < (J$16+1)^5, MOD(_xlfn.FLOOR.MATH((ROW()-$AA$51)/AD$50), J$16+1), "") -> 1 | AE78: =IF(ROW()-$AA$51 < (K$16+1)^5, MOD(_xlfn.FLOOR.MATH((ROW()-$AA$51)/AE$50), K$16+1), "") -> 0 | AF78: =IF(ROW()-$AA$51 < (L$16+1)^5, MOD(_xlfn.FLOOR.MATH((ROW()-$AA$51)/AF$50), L$16+1), "") -> 0 | AG78: =IF(ROW($AA78) - $AA$51 < ($H$16+1)^5, SUM(AB78:AF78), "") -> 5 | AH78: =IF(ROW($AA78) - $AA$51 < (4)^5, (_xlfn.XLOOKUP(AB78,$T$51:$T$55,U$51:U$55,0)/U$27) * (_xlfn.XLOOKUP(AC78,$T$51:$T$55,V$51:V$55,0)/V$27) * (_xlfn.XLOOKUP(AD78,$T$51:$T$55,W$51:W$55,0)/W$27) * (_xlfn.XLOOKUP(AE78,$T$51:$T$55,X$51:X$55,0)/X$27) * (_xlfn.XLOOKUP(AF78,$T$51:$T$55,Y$51:Y$55,0)/Y$27), "") -> 0.0002934695 | AI78: =IF(ROW($AA78) - $AA$51 < ($H$16+1)^5, IF(AG78 >= BaseBonus!$C$16, AG78*BaseBonus!$E$31, 0), "") -> 4.6952679 | AJ78: =IF(ROW($AA78) - $AA$51 < ($H$16+1)^5, AH78*AI78, "") -> 0.0013779179
A79: P2 | B79: P2 | C79: P4 | D79: P5 | E79: P6 | H79: {=IF(ROW(A79)-H$15 < H$14,A79,IF(ROW(A79) - H$15 -H$16 + 1 < H$14,INDIRECT(ADDRESS(MOD(ROW(A79) - H$15, H$14) + H$15, COLUMN(A79))),""))} -> P2 | I79: {=IF(ROW(B79)-I$15 < I$14,B79,IF(ROW(B79) - I$15 -I$16 + 1 < I$14,INDIRECT(ADDRESS(MOD(ROW(B79) - I$15, I$14) + I$15, COLUMN(B79))),""))} -> P2 | J79: {=IF(ROW(C79)-J$15 < J$14,C79,IF(ROW(C79) - J$15 -J$16 + 1 < J$14,INDIRECT(ADDRESS(MOD(ROW(C79) - J$15, J$14) + J$15, COLUMN(C79))),""))} -> P4 | K79: {=IF(ROW(D79)-K$15 < K$14,D79,IF(ROW(D79) - K$15 -K$16 + 1 < K$14,INDIRECT(ADDRESS(MOD(ROW(D79) - K$15, K$14) + K$15, COLUMN(D79))),""))} -> P5 | L79: {=IF(ROW(E79)-L$15 < L$14,E79,IF(ROW(E79) - L$15 -L$16 + 1 < L$14,INDIRECT(ADDRESS(MOD(ROW(E79) - L$15, L$14) + L$15, COLUMN(E79))),""))} -> P6 | N79: {=IF(H79<>"", SUMPRODUCT((OFFSET(H79,0,0,H$16,1)=$T$24) +0),"")} -> 0 | O79: {=IF(I79<>"", SUMPRODUCT((OFFSET(I79,0,0,I$16,1)=$T$24) +0),"")} -> 0 | P79: {=IF(J79<>"", SUMPRODUCT((OFFSET(J79,0,0,J$16,1)=$T$24) +0),"")} -> 0 | Q79: {=IF(K79<>"", SUMPRODUCT((OFFSET(K79,0,0,K$16,1)=$T$24) +0),"")} -> 0 | R79: {=IF(L79<>"", SUMPRODUCT((OFFSET(L79,0,0,L$16,1)=$T$24) +0),"")} -> 0 | AB79: =IF(ROW()-$AA$51 < (H$16+1)^5, MOD(_xlfn.FLOOR.MATH((ROW()-$AA$51)/AB$50), H$16+1), "") -> 3 | AC79: =IF(ROW()-$AA$51 < (I$16+1)^5, MOD(_xlfn.FLOOR.MATH((ROW()-$AA$51)/AC$50), I$16+1), "") -> 2 | AD79: =IF(ROW()-$AA$51 < (J$16+1)^5, MOD(_xlfn.FLOOR.MATH((ROW()-$AA$51)/AD$50), J$16+1), "") -> 1 | AE79: =IF(ROW()-$AA$51 < (K$16+1)^5, MOD(_xlfn.FLOOR.MATH((ROW()-$AA$51)/AE$50), K$16+1), "") -> 0 | AF79: =IF(ROW()-$AA$51 < (L$16+1)^5, MOD(_xlfn.FLOOR.MATH((ROW()-$AA$51)/AF$50), L$16+1), "") -> 0 | AG79: =IF(ROW($AA79) - $AA$51 < ($H$16+1)^5, SUM(AB79:AF79), "") -> 6 | AH79: =IF(ROW($AA79) - $AA$51 < (4)^5, (_xlfn.XLOOKUP(AB79,$T$51:$T$55,U$51:U$55,0)/U$27) * (_xlfn.XLOOKUP(AC79,$T$51:$T$55,V$51:V$55,0)/V$27) * (_xlfn.XLOOKUP(AD79,$T$51:$T$55,W$51:W$55,0)/W$27) * (_xlfn.XLOOKUP(AE79,$T$51:$T$55,X$51:X$55,0)/X$27) * (_xlfn.XLOOKUP(AF79,$T$51:$T$55,Y$51:Y$55,0)/Y$27), "") -> 0 | AI79: =IF(ROW($AA79) - $AA$51 < ($H$16+1)^5, IF(AG79 >= BaseBonus!$C$16, AG79*BaseBonus!$E$31, 0), "") -> 5.6343215 | AJ79: =IF(ROW($AA79) - $AA$51 < ($H$16+1)^5, AH79*AI79, "") -> 0
A80: P1 | B80: P1 | C80: P6 | D80: P2 | E80: P5 | H80: {=IF(ROW(A80)-H$15 < H$14,A80,IF(ROW(A80) - H$15 -H$16 + 1 < H$14,INDIRECT(ADDRESS(MOD(ROW(A80) - H$15, H$14) + H$15, COLUMN(A80))),""))} -> P1 | I80: {=IF(ROW(B80)-I$15 < I$14,B80,IF(ROW(B80) - I$15 -I$16 + 1 < I$14,INDIRECT(ADDRESS(MOD(ROW(B80) - I$15, I$14) + I$15, COLUMN(B80))),""))} -> P1 | J80: {=IF(ROW(C80)-J$15 < J$14,C80,IF(ROW(C80) - J$15 -J$16 + 1 < J$14,INDIRECT(ADDRESS(MOD(ROW(C80) - J$15, J$14) + J$15, COLUMN(C80))),""))} -> P6 | K80: {=IF(ROW(D80)-K$15 < K$14,D80,IF(ROW(D80) - K$15 -K$16 + 1 < K$14,INDIRECT(ADDRESS(MOD(ROW(D80) - K$15, K$14) + K$15, COLUMN(D80))),""))} -> P2 | L80: {=IF(ROW(E80)-L$15 < L$14,E80,IF(ROW(E80) - L$15 -L$16 + 1 < L$14,INDIRECT(ADDRESS(MOD(ROW(E80) - L$15, L$14) + L$15, COLUMN(E80))),""))} -> P5 | N80: {=IF(H80<>"", SUMPRODUCT((OFFSET(H80,0,0,H$16,1)=$T$24) +0),"")} -> 0 | O80: {=IF(I80<>"", SUMPRODUCT((OFFSET(I80,0,0,I$16,1)=$T$24) +0),"")} -> 0 | P80: {=IF(J80<>"", SUMPRODUCT((OFFSET(J80,0,0,J$16,1)=$T$24) +0),"")} -> 1 | Q80: {=IF(K80<>"", SUMPRODUCT((OFFSET(K80,0,0,K$16,1)=$T$24) +0),"")} -> 0 | R80: {=IF(L80<>"", SUMPRODUCT((OFFSET(L80,0,0,L$16,1)=$T$24) +0),"")} -> 0 | AB80: =IF(ROW()-$AA$51 < (H$16+1)^5, MOD(_xlfn.FLOOR.MATH((ROW()-$AA$51)/AB$50), H$16+1), "") -> 0 | AC80: =IF(ROW()-$AA$51 < (I$16+1)^5, MOD(_xlfn.FLOOR.MATH((ROW()-$AA$51)/AC$50), I$16+1), "") -> 3 | AD80: =IF(ROW()-$AA$51 < (J$16+1)^5, MOD(_xlfn.FLOOR.MATH((ROW()-$AA$51)/AD$50), J$16+1), "") -> 1 | AE80: =IF(ROW()-$AA$51 < (K$16+1)^5, MOD(_xlfn.FLOOR.MATH((ROW()-$AA$51)/AE$50), K$16+1), "") -> 0 | AF80: =IF(ROW()-$AA$51 < (L$16+1)^5, MOD(_xlfn.FLOOR.MATH((ROW()-$AA$51)/AF$50), L$16+1), "") -> 0 | AG80: =IF(ROW($AA80) - $AA$51 < ($H$16+1)^5, SUM(AB80:AF80), "") -> 4 | AH80: =IF(ROW($AA80) - $AA$51 < (4)^5, (_xlfn.XLOOKUP(AB80,$T$51:$T$55,U$51:U$55,0)/U$27) * (_xlfn.XLOOKUP(AC80,$T$51:$T$55,V$51:V$55,0)/V$27) * (_xlfn.XLOOKUP(AD80,$T$51:$T$55,W$51:W$55,0)/W$27) * (_xlfn.XLOOKUP(AE80,$T$51:$T$55,X$51:X$55,0)/X$27) * (_xlfn.XLOOKUP(AF80,$T$51:$T$55,Y$51:Y$55,0)/Y$27), "") -> 0 | AI80: =IF(ROW($AA80) - $AA$51 < ($H$16+1)^5, IF(AG80 >= BaseBonus!$C$16, AG80*BaseBonus!$E$31, 0), "") -> 0 | AJ80: =IF(ROW($AA80) - $AA$51 < ($H$16+1)^5, AH80*AI80, "") -> 0
A81: P4 | B81: P5 | C81: P1 | D81: P4 | E81: P2 | H81: {=IF(ROW(A81)-H$15 < H$14,A81,IF(ROW(A81) - H$15 -H$16 + 1 < H$14,INDIRECT(ADDRESS(MOD(ROW(A81) - H$15, H$14) + H$15, COLUMN(A81))),""))} -> P4 | I81: {=IF(ROW(B81)-I$15 < I$14,B81,IF(ROW(B81) - I$15 -I$16 + 1 < I$14,INDIRECT(ADDRESS(MOD(ROW(B81) - I$15, I$14) + I$15, COLUMN(B81))),""))} -> P5 | J81: {=IF(ROW(C81)-J$15 < J$14,C81,IF(ROW(C81) - J$15 -J$16 + 1 < J$14,INDIRECT(ADDRESS(MOD(ROW(C81) - J$15, J$14) + J$15, COLUMN(C81))),""))} -> P1 | K81: {=IF(ROW(D81)-K$15 < K$14,D81,IF(ROW(D81) - K$15 -K$16 + 1 < K$14,INDIRECT(ADDRESS(MOD(ROW(D81) - K$15, K$14) + K$15, COLUMN(D81))),""))} -> P4 | L81: {=IF(ROW(E81)-L$15 < L$14,E81,IF(ROW(E81) - L$15 -L$16 + 1 < L$14,INDIRECT(ADDRESS(MOD(ROW(E81) - L$15, L$14) + L$15, COLUMN(E81))),""))} -> P2 | N81: {=IF(H81<>"", SUMPRODUCT((OFFSET(H81,0,0,H$16,1)=$T$24) +0),"")} -> 0 | O81: {=IF(I81<>"", SUMPRODUCT((OFFSET(I81,0,0,I$16,1)=$T$24) +0),"")} -> 0 | P81: {=IF(J81<>"", SUMPRODUCT((OFFSET(J81,0,0,J$16,1)=$T$24) +0),"")} -> 2 | Q81: {=IF(K81<>"", SUMPRODUCT((OFFSET(K81,0,0,K$16,1)=$T$24) +0),"")} -> 0 | R81: {=IF(L81<>"", SUMPRODUCT((OFFSET(L81,0,0,L$16,1)=$T$24) +0),"")} -> 0 | AB81: =IF(ROW()-$AA$51 < (H$16+1)^5, MOD(_xlfn.FLOOR.MATH((ROW()-$AA$51)/AB$50), H$16+1), "") -> 1 | AC81: =IF(ROW()-$AA$51 < (I$16+1)^5, MOD(_xlfn.FLOOR.MATH((ROW()-$AA$51)/AC$50), I$16+1), "") -> 3 | AD81: =IF(ROW()-$AA$51 < (J$16+1)^5, MOD(_xlfn.FLOOR.MATH((ROW()-$AA$51)/AD$50), J$16+1), "") -> 1 | AE81: =IF(ROW()-$AA$51 < (K$16+1)^5, MOD(_xlfn.FLOOR.MATH((ROW()-$AA$51)/AE$50), K$16+1), "") -> 0 | AF81: =IF(ROW()-$AA$51 < (L$16+1)^5, MOD(_xlfn.FLOOR.MATH((ROW()-$AA$51)/AF$50), L$16+1), "") -> 0 | AG81: =IF(ROW($AA81) - $AA$51 < ($H$16+1)^5, SUM(AB81:AF81), "") -> 5 | AH81: =IF(ROW($AA81) - $AA$51 < (4)^5, (_xlfn.XLOOKUP(AB81,$T$51:$T$55,U$51:U$55,0)/U$27) * (_xlfn.XLOOKUP(AC81,$T$51:$T$55,V$51:V$55,0)/V$27) * (_xlfn.XLOOKUP(AD81,$T$51:$T$55,W$51:W$55,0)/W$27) * (_xlfn.XLOOKUP(AE81,$T$51:$T$55,X$51:X$55,0)/X$27) * (_xlfn.XLOOKUP(AF81,$T$51:$T$55,Y$51:Y$55,0)/Y$27), "") -> 0 | AI81: =IF(ROW($AA81) - $AA$51 < ($H$16+1)^5, IF(AG81 >= BaseBonus!$C$16, AG81*BaseBonus!$E$31, 0), "") -> 4.6952679 | AJ81: =IF(ROW($AA81) - $AA$51 < ($H$16+1)^5, AH81*AI81, "") -> 0
A82: P1 | B82: P2 | C82: CP | D82: P2 | E82: P4 | H82: {=IF(ROW(A82)-H$15 < H$14,A82,IF(ROW(A82) - H$15 -H$16 + 1 < H$14,INDIRECT(ADDRESS(MOD(ROW(A82) - H$15, H$14) + H$15, COLUMN(A82))),""))} -> P1 | I82: {=IF(ROW(B82)-I$15 < I$14,B82,IF(ROW(B82) - I$15 -I$16 + 1 < I$14,INDIRECT(ADDRESS(MOD(ROW(B82) - I$15, I$14) + I$15, COLUMN(B82))),""))} -> P2 | J82: {=IF(ROW(C82)-J$15 < J$14,C82,IF(ROW(C82) - J$15 -J$16 + 1 < J$14,INDIRECT(ADDRESS(MOD(ROW(C82) - J$15, J$14) + J$15, COLUMN(C82))),""))} -> CP | K82: {=IF(ROW(D82)-K$15 < K$14,D82,IF(ROW(D82) - K$15 -K$16 + 1 < K$14,INDIRECT(ADDRESS(MOD(ROW(D82) - K$15, K$14) + K$15, COLUMN(D82))),""))} -> P2 | L82: {=IF(ROW(E82)-L$15 < L$14,E82,IF(ROW(E82) - L$15 -L$16 + 1 < L$14,INDIRECT(ADDRESS(MOD(ROW(E82) - L$15, L$14) + L$15, COLUMN(E82))),""))} -> P4 | N82: {=IF(H82<>"", SUMPRODUCT((OFFSET(H82,0,0,H$16,1)=$T$24) +0),"")} -> 0 | O82: {=IF(I82<>"", SUMPRODUCT((OFFSET(I82,0,0,I$16,1)=$T$24) +0),"")} -> 0 | P82: {=IF(J82<>"", SUMPRODUCT((OFFSET(J82,0,0,J$16,1)=$T$24) +0),"")} -> 2 | Q82: {=IF(K82<>"", SUMPRODUCT((OFFSET(K82,0,0,K$16,1)=$T$24) +0),"")} -> 0 | R82: {=IF(L82<>"", SUMPRODUCT((OFFSET(L82,0,0,L$16,1)=$T$24) +0),"")} -> 0 | AB82: =IF(ROW()-$AA$51 < (H$16+1)^5, MOD(_xlfn.FLOOR.MATH((ROW()-$AA$51)/AB$50), H$16+1), "") -> 2 | AC82: =IF(ROW()-$AA$51 < (I$16+1)^5, MOD(_xlfn.FLOOR.MATH((ROW()-$AA$51)/AC$50), I$16+1), "") -> 3 | AD82: =IF(ROW()-$AA$51 < (J$16+1)^5, MOD(_xlfn.FLOOR.MATH((ROW()-$AA$51)/AD$50), J$16+1), "") -> 1 | AE82: =IF(ROW()-$AA$51 < (K$16+1)^5, MOD(_xlfn.FLOOR.MATH((ROW()-$AA$51)/AE$50), K$16+1), "") -> 0 | AF82: =IF(ROW()-$AA$51 < (L$16+1)^5, MOD(_xlfn.FLOOR.MATH((ROW()-$AA$51)/AF$50), L$16+1), "") -> 0 | AG82: =IF(ROW($AA82) - $AA$51 < ($H$16+1)^5, SUM(AB82:AF82), "") -> 6 | AH82: =IF(ROW($AA82) - $AA$51 < (4)^5, (_xlfn.XLOOKUP(AB82,$T$51:$T$55,U$51:U$55,0)/U$27) * (_xlfn.XLOOKUP(AC82,$T$51:$T$55,V$51:V$55,0)/V$27) * (_xlfn.XLOOKUP(AD82,$T$51:$T$55,W$51:W$55,0)/W$27) * (_xlfn.XLOOKUP(AE82,$T$51:$T$55,X$51:X$55,0)/X$27) * (_xlfn.XLOOKUP(AF82,$T$51:$T$55,Y$51:Y$55,0)/Y$27), "") -> 0 | AI82: =IF(ROW($AA82) - $AA$51 < ($H$16+1)^5, IF(AG82 >= BaseBonus!$C$16, AG82*BaseBonus!$E$31, 0), "") -> 5.6343215 | AJ82: =IF(ROW($AA82) - $AA$51 < ($H$16+1)^5, AH82*AI82, "") -> 0
A83: P5 | B83: P4 | C83: CP | D83: P5 | E83: P4 | H83: {=IF(ROW(A83)-H$15 < H$14,A83,IF(ROW(A83) - H$15 -H$16 + 1 < H$14,INDIRECT(ADDRESS(MOD(ROW(A83) - H$15, H$14) + H$15, COLUMN(A83))),""))} -> P5 | I83: {=IF(ROW(B83)-I$15 < I$14,B83,IF(ROW(B83) - I$15 -I$16 + 1 < I$14,INDIRECT(ADDRESS(MOD(ROW(B83) - I$15, I$14) + I$15, COLUMN(B83))),""))} -> P4 | J83: {=IF(ROW(C83)-J$15 < J$14,C83,IF(ROW(C83) - J$15 -J$16 + 1 < J$14,INDIRECT(ADDRESS(MOD(ROW(C83) - J$15, J$14) + J$15, COLUMN(C83))),""))} -> CP | K83: {=IF(ROW(D83)-K$15 < K$14,D83,IF(ROW(D83) - K$15 -K$16 + 1 < K$14,INDIRECT(ADDRESS(MOD(ROW(D83) - K$15, K$14) + K$15, COLUMN(D83))),""))} -> P5 | L83: {=IF(ROW(E83)-L$15 < L$14,E83,IF(ROW(E83) - L$15 -L$16 + 1 < L$14,INDIRECT(ADDRESS(MOD(ROW(E83) - L$15, L$14) + L$15, COLUMN(E83))),""))} -> P4 | N83: {=IF(H83<>"", SUMPRODUCT((OFFSET(H83,0,0,H$16,1)=$T$24) +0),"")} -> 0 | O83: {=IF(I83<>"", SUMPRODUCT((OFFSET(I83,0,0,I$16,1)=$T$24) +0),"")} -> 0 | P83: {=IF(J83<>"", SUMPRODUCT((OFFSET(J83,0,0,J$16,1)=$T$24) +0),"")} -> 1 | Q83: {=IF(K83<>"", SUMPRODUCT((OFFSET(K83,0,0,K$16,1)=$T$24) +0),"")} -> 0 | R83: {=IF(L83<>"", SUMPRODUCT((OFFSET(L83,0,0,L$16,1)=$T$24) +0),"")} -> 0 | AB83: =IF(ROW()-$AA$51 < (H$16+1)^5, MOD(_xlfn.FLOOR.MATH((ROW()-$AA$51)/AB$50), H$16+1), "") -> 3 | AC83: =IF(ROW()-$AA$51 < (I$16+1)^5, MOD(_xlfn.FLOOR.MATH((ROW()-$AA$51)/AC$50), I$16+1), "") -> 3 | AD83: =IF(ROW()-$AA$51 < (J$16+1)^5, MOD(_xlfn.FLOOR.MATH((ROW()-$AA$51)/AD$50), J$16+1), "") -> 1 | AE83: =IF(ROW()-$AA$51 < (K$16+1)^5, MOD(_xlfn.FLOOR.MATH((ROW()-$AA$51)/AE$50), K$16+1), "") -> 0 | AF83: =IF(ROW()-$AA$51 < (L$16+1)^5, MOD(_xlfn.FLOOR.MATH((ROW()-$AA$51)/AF$50), L$16+1), "") -> 0 | AG83: =IF(ROW($AA83) - $AA$51 < ($H$16+1)^5, SUM(AB83:AF83), "") -> 7 | AH83: =IF(ROW($AA83) - $AA$51 < (4)^5, (_xlfn.XLOOKUP(AB83,$T$51:$T$55,U$51:U$55,0)/U$27) * (_xlfn.XLOOKUP(AC83,$T$51:$T$55,V$51:V$55,0)/V$27) * (_xlfn.XLOOKUP(AD83,$T$51:$T$55,W$51:W$55,0)/W$27) * (_xlfn.XLOOKUP(AE83,$T$51:$T$55,X$51:X$55,0)/X$27) * (_xlfn.XLOOKUP(AF83,$T$51:$T$55,Y$51:Y$55,0)/Y$27), "") -> 0 | AI83: =IF(ROW($AA83) - $AA$51 < ($H$16+1)^5, IF(AG83 >= BaseBonus!$C$16, AG83*BaseBonus!$E$31, 0), "") -> 6.5733751 | AJ83: =IF(ROW($AA83) - $AA$51 < ($H$16+1)^5, AH83*AI83, "") -> 0
A84: P1 | B84: P2 | C84: P4 | D84: P1 | E84: P5 | H84: {=IF(ROW(A84)-H$15 < H$14,A84,IF(ROW(A84) - H$15 -H$16 + 1 < H$14,INDIRECT(ADDRESS(MOD(ROW(A84) - H$15, H$14) + H$15, COLUMN(A84))),""))} -> P1 | I84: {=IF(ROW(B84)-I$15 < I$14,B84,IF(ROW(B84) - I$15 -I$16 + 1 < I$14,INDIRECT(ADDRESS(MOD(ROW(B84) - I$15, I$14) + I$15, COLUMN(B84))),""))} -> P2 | J84: {=IF(ROW(C84)-J$15 < J$14,C84,IF(ROW(C84) - J$15 -J$16 + 1 < J$14,INDIRECT(ADDRESS(MOD(ROW(C84) - J$15, J$14) + J$15, COLUMN(C84))),""))} -> P4 | K84: {=IF(ROW(D84)-K$15 < K$14,D84,IF(ROW(D84) - K$15 -K$16 + 1 < K$14,INDIRECT(ADDRESS(MOD(ROW(D84) - K$15, K$14) + K$15, COLUMN(D84))),""))} -> P1 | L84: {=IF(ROW(E84)-L$15 < L$14,E84,IF(ROW(E84) - L$15 -L$16 + 1 < L$14,INDIRECT(ADDRESS(MOD(ROW(E84) - L$15, L$14) + L$15, COLUMN(E84))),""))} -> P5 | N84: {=IF(H84<>"", SUMPRODUCT((OFFSET(H84,0,0,H$16,1)=$T$24) +0),"")} -> 0 | O84: {=IF(I84<>"", SUMPRODUCT((OFFSET(I84,0,0,I$16,1)=$T$24) +0),"")} -> 0 | P84: {=IF(J84<>"", SUMPRODUCT((OFFSET(J84,0,0,J$16,1)=$T$24) +0),"")} -> 0 | Q84: {=IF(K84<>"", SUMPRODUCT((OFFSET(K84,0,0,K$16,1)=$T$24) +0),"")} -> 0 | R84: {=IF(L84<>"", SUMPRODUCT((OFFSET(L84,0,0,L$16,1)=$T$24) +0),"")} -> 0 | AB84: =IF(ROW()-$AA$51 < (H$16+1)^5, MOD(_xlfn.FLOOR.MATH((ROW()-$AA$51)/AB$50), H$16+1), "") -> 0 | AC84: =IF(ROW()-$AA$51 < (I$16+1)^5, MOD(_xlfn.FLOOR.MATH((ROW()-$AA$51)/AC$50), I$16+1), "") -> 0 | AD84: =IF(ROW()-$AA$51 < (J$16+1)^5, MOD(_xlfn.FLOOR.MATH((ROW()-$AA$51)/AD$50), J$16+1), "") -> 2 | AE84: =IF(ROW()-$AA$51 < (K$16+1)^5, MOD(_xlfn.FLOOR.MATH((ROW()-$AA$51)/AE$50), K$16+1), "") -> 0 | AF84: =IF(ROW()-$AA$51 < (L$16+1)^5, MOD(_xlfn.FLOOR.MATH((ROW()-$AA$51)/AF$50), L$16+1), "") -> 0 | AG84: =IF(ROW($AA84) - $AA$51 < ($H$16+1)^5, SUM(AB84:AF84), "") -> 2 | AH84: =IF(ROW($AA84) - $AA$51 < (4)^5, (_xlfn.XLOOKUP(AB84,$T$51:$T$55,U$51:U$55,0)/U$27) * (_xlfn.XLOOKUP(AC84,$T$51:$T$55,V$51:V$55,0)/V$27) * (_xlfn.XLOOKUP(AD84,$T$51:$T$55,W$51:W$55,0)/W$27) * (_xlfn.XLOOKUP(AE84,$T$51:$T$55,X$51:X$55,0)/X$27) * (_xlfn.XLOOKUP(AF84,$T$51:$T$55,Y$51:Y$55,0)/Y$27), "") -> 0.048371227 | AI84: =IF(ROW($AA84) - $AA$51 < ($H$16+1)^5, IF(AG84 >= BaseBonus!$C$16, AG84*BaseBonus!$E$31, 0), "") -> 0 | AJ84: =IF(ROW($AA84) - $AA$51 < ($H$16+1)^5, AH84*AI84, "") -> 0
... A93: P5 | B93: P4 | C93: P5 | D93: P4 | E93: P4 | H93: {=IF(ROW(A93)-H$15 < H$14,A93,IF(ROW(A93) - H$15 -H$16 + 1 < H$14,INDIRECT(ADDRESS(MOD(ROW(A93) - H$15, H$14) + H$15, COLUMN(A93))),""))} -> P5 | I93: {=IF(ROW(B93)-I$15 < I$14,B93,IF(ROW(B93) - I$15 -I$16 + 1 < I$14,INDIRECT(ADDRESS(MOD(ROW(B93) - I$15, I$14) + I$15, COLUMN(B93))),""))} -> P4 | J93: {=IF(ROW(C93)-J$15 < J$14,C93,IF(ROW(C93) - J$15 -J$16 + 1 < J$14,INDIRECT(ADDRESS(MOD(ROW(C93) - J$15, J$14) + J$15, COLUMN(C93))),""))} -> P5 | K93: {=IF(ROW(D93)-K$15 < K$14,D93,IF(ROW(D93) - K$15 -K$16 + 1 < K$14,INDIRECT(ADDRESS(MOD(ROW(D93) - K$15, K$14) + K$15, COLUMN(D93))),""))} -> P4 | L93: {=IF(ROW(E93)-L$15 < L$14,E93,IF(ROW(E93) - L$15 -L$16 + 1 < L$14,INDIRECT(ADDRESS(MOD(ROW(E93) - L$15, L$14) + L$15, COLUMN(E93))),""))} -> P4 | N93: {=IF(H93<>"", SUMPRODUCT((OFFSET(H93,0,0,H$16,1)=$T$24) +0),"")} -> 0 | O93: {=IF(I93<>"", SUMPRODUCT((OFFSET(I93,0,0,I$16,1)=$T$24) +0),"")} -> 1 | P93: {=IF(J93<>"", SUMPRODUCT((OFFSET(J93,0,0,J$16,1)=$T$24) +0),"")} -> 0 | Q93: {=IF(K93<>"", SUMPRODUCT((OFFSET(K93,0,0,K$16,1)=$T$24) +0),"")} -> 0 | R93: {=IF(L93<>"", SUMPRODUCT((OFFSET(L93,0,0,L$16,1)=$T$24) +0),"")} -> 0 | AB93: =IF(ROW()-$AA$51 < (H$16+1)^5, MOD(_xlfn.FLOOR.MATH((ROW()-$AA$51)/AB$50), H$16+1), "") -> 1 | AC93: =IF(ROW()-$AA$51 < (I$16+1)^5, MOD(_xlfn.FLOOR.MATH((ROW()-$AA$51)/AC$50), I$16+1), "") -> 2 | AD93: =IF(ROW()-$AA$51 < (J$16+1)^5, MOD(_xlfn.FLOOR.MATH((ROW()-$AA$51)/AD$50), J$16+1), "") -> 2 | AE93: =IF(ROW()-$AA$51 < (K$16+1)^5, MOD(_xlfn.FLOOR.MATH((ROW()-$AA$51)/AE$50), K$16+1), "") -> 0 | AF93: =IF(ROW()-$AA$51 < (L$16+1)^5, MOD(_xlfn.FLOOR.MATH((ROW()-$AA$51)/AF$50), L$16+1), "") -> 0 | AG93: =IF(ROW($AA93) - $AA$51 < ($H$16+1)^5, SUM(AB93:AF93), "") -> 5 | AH93: =IF(ROW($AA93) - $AA$51 < (4)^5, (_xlfn.XLOOKUP(AB93,$T$51:$T$55,U$51:U$55,0)/U$27) * (_xlfn.XLOOKUP(AC93,$T$51:$T$55,V$51:V$55,0)/V$27) * (_xlfn.XLOOKUP(AD93,$T$51:$T$55,W$51:W$55,0)/W$27) * (_xlfn.XLOOKUP(AE93,$T$51:$T$55,X$51:X$55,0)/X$27) * (_xlfn.XLOOKUP(AF93,$T$51:$T$55,Y$51:Y$55,0)/Y$27), "") -> 0.00046116636 | AI93: =IF(ROW($AA93) - $AA$51 < ($H$16+1)^5, IF(AG93 >= BaseBonus!$C$16, AG93*BaseBonus!$E$31, 0), "") -> 4.6952679 | AJ93: =IF(ROW($AA93) - $AA$51 < ($H$16+1)^5, AH93*AI93, "") -> 0.0021652996
A94: P6 | B94: P6 | C94: P1 | E94: P3 | H94: {=IF(ROW(A94)-H$15 < H$14,A94,IF(ROW(A94) - H$15 -H$16 + 1 < H$14,INDIRECT(ADDRESS(MOD(ROW(A94) - H$15, H$14) + H$15, COLUMN(A94))),""))} -> P6 | I94: {=IF(ROW(B94)-I$15 < I$14,B94,IF(ROW(B94) - I$15 -I$16 + 1 < I$14,INDIRECT(ADDRESS(MOD(ROW(B94) - I$15, I$14) + I$15, COLUMN(B94))),""))} -> P6 | J94: {=IF(ROW(C94)-J$15 < J$14,C94,IF(ROW(C94) - J$15 -J$16 + 1 < J$14,INDIRECT(ADDRESS(MOD(ROW(C94) - J$15, J$14) + J$15, COLUMN(C94))),""))} -> P1 | K94: {=IF(ROW(D94)-K$15 < K$14,D94,IF(ROW(D94) - K$15 -K$16 + 1 < K$14,INDIRECT(ADDRESS(MOD(ROW(D94) - K$15, K$14) + K$15, COLUMN(D94))),""))} -> P6 | L94: {=IF(ROW(E94)-L$15 < L$14,E94,IF(ROW(E94) - L$15 -L$16 + 1 < L$14,INDIRECT(ADDRESS(MOD(ROW(E94) - L$15, L$14) + L$15, COLUMN(E94))),""))} -> P3 | N94: {=IF(H94<>"", SUMPRODUCT((OFFSET(H94,0,0,H$16,1)=$T$24) +0),"")} -> 1 | O94: {=IF(I94<>"", SUMPRODUCT((OFFSET(I94,0,0,I$16,1)=$T$24) +0),"")} -> 1 | P94: {=IF(J94<>"", SUMPRODUCT((OFFSET(J94,0,0,J$16,1)=$T$24) +0),"")} -> 0 | Q94: {=IF(K94<>"", SUMPRODUCT((OFFSET(K94,0,0,K$16,1)=$T$24) +0),"")} -> 0 | R94: {=IF(L94<>"", SUMPRODUCT((OFFSET(L94,0,0,L$16,1)=$T$24) +0),"")} -> 0 | AB94: =IF(ROW()-$AA$51 < (H$16+1)^5, MOD(_xlfn.FLOOR.MATH((ROW()-$AA$51)/AB$50), H$16+1), "") -> 2 | AC94: =IF(ROW()-$AA$51 < (I$16+1)^5, MOD(_xlfn.FLOOR.MATH((ROW()-$AA$51)/AC$50), I$16+1), "") -> 2 | AD94: =IF(ROW()-$AA$51 < (J$16+1)^5, MOD(_xlfn.FLOOR.MATH((ROW()-$AA$51)/AD$50), J$16+1), "") -> 2 | AE94: =IF(ROW()-$AA$51 < (K$16+1)^5, MOD(_xlfn.FLOOR.MATH((ROW()-$AA$51)/AE$50), K$16+1), "") -> 0 | AF94: =IF(ROW()-$AA$51 < (L$16+1)^5, MOD(_xlfn.FLOOR.MATH((ROW()-$AA$51)/AF$50), L$16+1), "") -> 0 | AG94: =IF(ROW($AA94) - $AA$51 < ($H$16+1)^5, SUM(AB94:AF94), "") -> 6 | AH94: =IF(ROW($AA94) - $AA$51 < (4)^5, (_xlfn.XLOOKUP(AB94,$T$51:$T$55,U$51:U$55,0)/U$27) * (_xlfn.XLOOKUP(AC94,$T$51:$T$55,V$51:V$55,0)/V$27) * (_xlfn.XLOOKUP(AD94,$T$51:$T$55,W$51:W$55,0)/W$27) * (_xlfn.XLOOKUP(AE94,$T$51:$T$55,X$51:X$55,0)/X$27) * (_xlfn.XLOOKUP(AF94,$T$51:$T$55,Y$51:Y$55,0)/Y$27), "") -> 0.00023058318 | AI94: =IF(ROW($AA94) - $AA$51 < ($H$16+1)^5, IF(AG94 >= BaseBonus!$C$16, AG94*BaseBonus!$E$31, 0), "") -> 5.6343215 | AJ94: =IF(ROW($AA94) - $AA$51 < ($H$16+1)^5, AH94*AI94, "") -> 0.0012991798
A95: P2 | B95: CP | C95: P3 | H95: {=IF(ROW(A95)-H$15 < H$14,A95,IF(ROW(A95) - H$15 -H$16 + 1 < H$14,INDIRECT(ADDRESS(MOD(ROW(A95) - H$15, H$14) + H$15, COLUMN(A95))),""))} -> P2 | I95: {=IF(ROW(B95)-I$15 < I$14,B95,IF(ROW(B95) - I$15 -I$16 + 1 < I$14,INDIRECT(ADDRESS(MOD(ROW(B95) - I$15, I$14) + I$15, COLUMN(B95))),""))} -> CP | J95: {=IF(ROW(C95)-J$15 < J$14,C95,IF(ROW(C95) - J$15 -J$16 + 1 < J$14,INDIRECT(ADDRESS(MOD(ROW(C95) - J$15, J$14) + J$15, COLUMN(C95))),""))} -> P3 | K95: {=IF(ROW(D95)-K$15 < K$14,D95,IF(ROW(D95) - K$15 -K$16 + 1 < K$14,INDIRECT(ADDRESS(MOD(ROW(D95) - K$15, K$14) + K$15, COLUMN(D95))),""))} -> P5 | L95: {=IF(ROW(E95)-L$15 < L$14,E95,IF(ROW(E95) - L$15 -L$16 + 1 < L$14,INDIRECT(ADDRESS(MOD(ROW(E95) - L$15, L$14) + L$15, COLUMN(E95))),""))} -> P6 | N95: {=IF(H95<>"", SUMPRODUCT((OFFSET(H95,0,0,H$16,1)=$T$24) +0),"")} -> 2 | O95: {=IF(I95<>"", SUMPRODUCT((OFFSET(I95,0,0,I$16,1)=$T$24) +0),"")} -> 1 | P95: {=IF(J95<>"", SUMPRODUCT((OFFSET(J95,0,0,J$16,1)=$T$24) +0),"")} -> 1 | Q95: {=IF(K95<>"", SUMPRODUCT((OFFSET(K95,0,0,K$16,1)=$T$24) +0),"")} -> 0 | R95: {=IF(L95<>"", SUMPRODUCT((OFFSET(L95,0,0,L$16,1)=$T$24) +0),"")} -> 0 | AB95: =IF(ROW()-$AA$51 < (H$16+1)^5, MOD(_xlfn.FLOOR.MATH((ROW()-$AA$51)/AB$50), H$16+1), "") -> 3 | AC95: =IF(ROW()-$AA$51 < (I$16+1)^5, MOD(_xlfn.FLOOR.MATH((ROW()-$AA$51)/AC$50), I$16+1), "") -> 2 | AD95: =IF(ROW()-$AA$51 < (J$16+1)^5, MOD(_xlfn.FLOOR.MATH((ROW()-$AA$51)/AD$50), J$16+1), "") -> 2 | AE95: =IF(ROW()-$AA$51 < (K$16+1)^5, MOD(_xlfn.FLOOR.MATH((ROW()-$AA$51)/AE$50), K$16+1), "") -> 0 | AF95: =IF(ROW()-$AA$51 < (L$16+1)^5, MOD(_xlfn.FLOOR.MATH((ROW()-$AA$51)/AF$50), L$16+1), "") -> 0 | AG95: =IF(ROW($AA95) - $AA$51 < ($H$16+1)^5, SUM(AB95:AF95), "") -> 7 | AH95: =IF(ROW($AA95) - $AA$51 < (4)^5, (_xlfn.XLOOKUP(AB95,$T$51:$T$55,U$51:U$55,0)/U$27) * (_xlfn.XLOOKUP(AC95,$T$51:$T$55,V$51:V$55,0)/V$27) * (_xlfn.XLOOKUP(AD95,$T$51:$T$55,W$51:W$55,0)/W$27) * (_xlfn.XLOOKUP(AE95,$T$51:$T$55,X$51:X$55,0)/X$27) * (_xlfn.XLOOKUP(AF95,$T$51:$T$55,Y$51:Y$55,0)/Y$27), "") -> 0 | AI95: =IF(ROW($AA95) - $AA$51 < ($H$16+1)^5, IF(AG95 >= BaseBonus!$C$16, AG95*BaseBonus!$E$31, 0), "") -> 6.5733751 | AJ95: =IF(ROW($AA95) - $AA$51 < ($H$16+1)^5, AH95*AI95, "") -> 0
A96: CP | B96: P4 | C96: P4 | H96: {=IF(ROW(A96)-H$15 < H$14,A96,IF(ROW(A96) - H$15 -H$16 + 1 < H$14,INDIRECT(ADDRESS(MOD(ROW(A96) - H$15, H$14) + H$15, COLUMN(A96))),""))} -> CP | I96: {=IF(ROW(B96)-I$15 < I$14,B96,IF(ROW(B96) - I$15 -I$16 + 1 < I$14,INDIRECT(ADDRESS(MOD(ROW(B96) - I$15, I$14) + I$15, COLUMN(B96))),""))} -> P4 | J96: {=IF(ROW(C96)-J$15 < J$14,C96,IF(ROW(C96) - J$15 -J$16 + 1 < J$14,INDIRECT(ADDRESS(MOD(ROW(C96) - J$15, J$14) + J$15, COLUMN(C96))),""))} -> P4 | K96: {=IF(ROW(D96)-K$15 < K$14,D96,IF(ROW(D96) - K$15 -K$16 + 1 < K$14,INDIRECT(ADDRESS(MOD(ROW(D96) - K$15, K$14) + K$15, COLUMN(D96))),""))} | L96: {=IF(ROW(E96)-L$15 < L$14,E96,IF(ROW(E96) - L$15 -L$16 + 1 < L$14,INDIRECT(ADDRESS(MOD(ROW(E96) - L$15, L$14) + L$15, COLUMN(E96))),""))} -> P6 | N96: {=IF(H96<>"", SUMPRODUCT((OFFSET(H96,0,0,H$16,1)=$T$24) +0),"")} -> 2 | O96: {=IF(I96<>"", SUMPRODUCT((OFFSET(I96,0,0,I$16,1)=$T$24) +0),"")} -> 0 | P96: {=IF(J96<>"", SUMPRODUCT((OFFSET(J96,0,0,J$16,1)=$T$24) +0),"")} -> 2 | Q96: {=IF(K96<>"", SUMPRODUCT((OFFSET(K96,0,0,K$16,1)=$T$24) +0),"")} | R96: {=IF(L96<>"", SUMPRODUCT((OFFSET(L96,0,0,L$16,1)=$T$24) +0),"")} -> 0 | AB96: =IF(ROW()-$AA$51 < (H$16+1)^5, MOD(_xlfn.FLOOR.MATH((ROW()-$AA$51)/AB$50), H$16+1), "") -> 0 | AC96: =IF(ROW()-$AA$51 < (I$16+1)^5, MOD(_xlfn.FLOOR.MATH((ROW()-$AA$51)/AC$50), I$16+1), "") -> 3 | AD96: =IF(ROW()-$AA$51 < (J$16+1)^5, MOD(_xlfn.FLOOR.MATH((ROW()-$AA$51)/AD$50), J$16+1), "") -> 2 | AE96: =IF(ROW()-$AA$51 < (K$16+1)^5, MOD(_xlfn.FLOOR.MATH((ROW()-$AA$51)/AE$50), K$16+1), "") -> 0 | AF96: =IF(ROW()-$AA$51 < (L$16+1)^5, MOD(_xlfn.FLOOR.MATH((ROW()-$AA$51)/AF$50), L$16+1), "") -> 0 | AG96: =IF(ROW($AA96) - $AA$51 < ($H$16+1)^5, SUM(AB96:AF96), "") -> 5 | AH96: =IF(ROW($AA96) - $AA$51 < (4)^5, (_xlfn.XLOOKUP(AB96,$T$51:$T$55,U$51:U$55,0)/U$27) * (_xlfn.XLOOKUP(AC96,$T$51:$T$55,V$51:V$55,0)/V$27) * (_xlfn.XLOOKUP(AD96,$T$51:$T$55,W$51:W$55,0)/W$27) * (_xlfn.XLOOKUP(AE96,$T$51:$T$55,X$51:X$55,0)/X$27) * (_xlfn.XLOOKUP(AF96,$T$51:$T$55,Y$51:Y$55,0)/Y$27), "") -> 0 | AI96: =IF(ROW($AA96) - $AA$51 < ($H$16+1)^5, IF(AG96 >= BaseBonus!$C$16, AG96*BaseBonus!$E$31, 0), "") -> 4.6952679 | AJ96: =IF(ROW($AA96) - $AA$51 < ($H$16+1)^5, AH96*AI96, "") -> 0
A97: CP | C97: CP | H97: {=IF(ROW(A97)-H$15 < H$14,A97,IF(ROW(A97) - H$15 -H$16 + 1 < H$14,INDIRECT(ADDRESS(MOD(ROW(A97) - H$15, H$14) + H$15, COLUMN(A97))),""))} -> CP | I97: {=IF(ROW(B97)-I$15 < I$14,B97,IF(ROW(B97) - I$15 -I$16 + 1 < I$14,INDIRECT(ADDRESS(MOD(ROW(B97) - I$15, I$14) + I$15, COLUMN(B97))),""))} -> P6 | J97: {=IF(ROW(C97)-J$15 < J$14,C97,IF(ROW(C97) - J$15 -J$16 + 1 < J$14,INDIRECT(ADDRESS(MOD(ROW(C97) - J$15, J$14) + J$15, COLUMN(C97))),""))} -> CP | K97: {=IF(ROW(D97)-K$15 < K$14,D97,IF(ROW(D97) - K$15 -K$16 + 1 < K$14,INDIRECT(ADDRESS(MOD(ROW(D97) - K$15, K$14) + K$15, COLUMN(D97))),""))} | L97: {=IF(ROW(E97)-L$15 < L$14,E97,IF(ROW(E97) - L$15 -L$16 + 1 < L$14,INDIRECT(ADDRESS(MOD(ROW(E97) - L$15, L$14) + L$15, COLUMN(E97))),""))} | N97: {=IF(H97<>"", SUMPRODUCT((OFFSET(H97,0,0,H$16,1)=$T$24) +0),"")} -> 1 | O97: {=IF(I97<>"", SUMPRODUCT((OFFSET(I97,0,0,I$16,1)=$T$24) +0),"")} -> 0 | P97: {=IF(J97<>"", SUMPRODUCT((OFFSET(J97,0,0,J$16,1)=$T$24) +0),"")} -> 2 | Q97: {=IF(K97<>"", SUMPRODUCT((OFFSET(K97,0,0,K$16,1)=$T$24) +0),"")} | R97: {=IF(E97<>"", SUMPRODUCT((OFFSET(E97,0,0,L$16,1)=$T$24) +0),"")} | AB97: =IF(ROW()-$AA$51 < (H$16+1)^5, MOD(_xlfn.FLOOR.MATH((ROW()-$AA$51)/AB$50), H$16+1), "") -> 1 | AC97: =IF(ROW()-$AA$51 < (I$16+1)^5, MOD(_xlfn.FLOOR.MATH((ROW()-$AA$51)/AC$50), I$16+1), "") -> 3 | AD97: =IF(ROW()-$AA$51 < (J$16+1)^5, MOD(_xlfn.FLOOR.MATH((ROW()-$AA$51)/AD$50), J$16+1), "") -> 2 | AE97: =IF(ROW()-$AA$51 < (K$16+1)^5, MOD(_xlfn.FLOOR.MATH((ROW()-$AA$51)/AE$50), K$16+1), "") -> 0 | AF97: =IF(ROW()-$AA$51 < (L$16+1)^5, MOD(_xlfn.FLOOR.MATH((ROW()-$AA$51)/AF$50), L$16+1), "") -> 0 | AG97: =IF(ROW($AA97) - $AA$51 < ($H$16+1)^5, SUM(AB97:AF97), "") -> 6 | AH97: =IF(ROW($AA97) - $AA$51 < (4)^5, (_xlfn.XLOOKUP(AB97,$T$51:$T$55,U$51:U$55,0)/U$27) * (_xlfn.XLOOKUP(AC97,$T$51:$T$55,V$51:V$55,0)/V$27) * (_xlfn.XLOOKUP(AD97,$T$51:$T$55,W$51:W$55,0)/W$27) * (_xlfn.XLOOKUP(AE97,$T$51:$T$55,X$51:X$55,0)/X$27) * (_xlfn.XLOOKUP(AF97,$T$51:$T$55,Y$51:Y$55,0)/Y$27), "") -> 0 | AI97: =IF(ROW($AA97) - $AA$51 < ($H$16+1)^5, IF(AG97 >= BaseBonus!$C$16, AG97*BaseBonus!$E$31, 0), "") -> 5.6343215 | AJ97: =IF(ROW($AA97) - $AA$51 < ($H$16+1)^5, AH97*AI97, "") -> 0
A98: P5 | C98: CP | H98: {=IF(ROW(A98)-H$15 < H$14,A98,IF(ROW(A98) - H$15 -H$16 + 1 < H$14,INDIRECT(ADDRESS(MOD(ROW(A98) - H$15, H$14) + H$15, COLUMN(A98))),""))} -> P5 | I98: {=IF(ROW(B98)-I$15 < I$14,B98,IF(ROW(B98) - I$15 -I$16 + 1 < I$14,INDIRECT(ADDRESS(MOD(ROW(B98) - I$15, I$14) + I$15, COLUMN(B98))),""))} -> P5 | J98: {=IF(ROW(C98)-J$15 < J$14,C98,IF(ROW(C98) - J$15 -J$16 + 1 < J$14,INDIRECT(ADDRESS(MOD(ROW(C98) - J$15, J$14) + J$15, COLUMN(C98))),""))} -> CP | K98: {=IF(ROW(D98)-K$15 < K$14,D98,IF(ROW(D98) - K$15 -K$16 + 1 < K$14,INDIRECT(ADDRESS(MOD(ROW(D98) - K$15, K$14) + K$15, COLUMN(D98))),""))} | L98: {=IF(ROW(E98)-L$15 < L$14,E98,IF(ROW(E98) - L$15 -L$16 + 1 < L$14,INDIRECT(ADDRESS(MOD(ROW(E98) - L$15, L$14) + L$15, COLUMN(E98))),""))} | N98: {=IF(H98<>"", SUMPRODUCT((OFFSET(H98,0,0,H$16,1)=$T$24) +0),"")} -> 0 | O98: {=IF(B98<>"", SUMPRODUCT((OFFSET(B98,0,0,I$16,1)=$T$24) +0),"")} | P98: {=IF(J98<>"", SUMPRODUCT((OFFSET(J98,0,0,J$16,1)=$T$24) +0),"")} -> 1 | Q98: {=IF(K98<>"", SUMPRODUCT((OFFSET(K98,0,0,K$16,1)=$T$24) +0),"")} | R98: {=IF(E98<>"", SUMPRODUCT((OFFSET(E98,0,0,L$16,1)=$T$24) +0),"")} | AB98: =IF(ROW()-$AA$51 < (H$16+1)^5, MOD(_xlfn.FLOOR.MATH((ROW()-$AA$51)/AB$50), H$16+1), "") -> 2 | AC98: =IF(ROW()-$AA$51 < (I$16+1)^5, MOD(_xlfn.FLOOR.MATH((ROW()-$AA$51)/AC$50), I$16+1), "") -> 3 | AD98: =IF(ROW()-$AA$51 < (J$16+1)^5, MOD(_xlfn.FLOOR.MATH((ROW()-$AA$51)/AD$50), J$16+1), "") -> 2 | AE98: =IF(ROW()-$AA$51 < (K$16+1)^5, MOD(_xlfn.FLOOR.MATH((ROW()-$AA$51)/AE$50), K$16+1), "") -> 0 | AF98: =IF(ROW()-$AA$51 < (L$16+1)^5, MOD(_xlfn.FLOOR.MATH((ROW()-$AA$51)/AF$50), L$16+1), "") -> 0 | AG98: =IF(ROW($AA98) - $AA$51 < ($H$16+1)^5, SUM(AB98:AF98), "") -> 7 | AH98: =IF(ROW($AA98) - $AA$51 < (4)^5, (_xlfn.XLOOKUP(AB98,$T$51:$T$55,U$51:U$55,0)/U$27) * (_xlfn.XLOOKUP(AC98,$T$51:$T$55,V$51:V$55,0)/V$27) * (_xlfn.XLOOKUP(AD98,$T$51:$T$55,W$51:W$55,0)/W$27) * (_xlfn.XLOOKUP(AE98,$T$51:$T$55,X$51:X$55,0)/X$27) * (_xlfn.XLOOKUP(AF98,$T$51:$T$55,Y$51:Y$55,0)/Y$27), "") -> 0 | AI98: =IF(ROW($AA98) - $AA$51 < ($H$16+1)^5, IF(AG98 >= BaseBonus!$C$16, AG98*BaseBonus!$E$31, 0), "") -> 6.5733751 | AJ98: =IF(ROW($AA98) - $AA$51 < ($H$16+1)^5, AH98*AI98, "") -> 0
A99: P4 | C99: P5 | H99: {=IF(ROW(A99)-H$15 < H$14,A99,IF(ROW(A99) - H$15 -H$16 + 1 < H$14,INDIRECT(ADDRESS(MOD(ROW(A99) - H$15, H$14) + H$15, COLUMN(A99))),""))} -> P4 | I99: {=IF(ROW(B99)-I$15 < I$14,B99,IF(ROW(B99) - I$15 -I$16 + 1 < I$14,INDIRECT(ADDRESS(MOD(ROW(B99) - I$15, I$14) + I$15, COLUMN(B99))),""))} | J99: {=IF(ROW(C99)-J$15 < J$14,C99,IF(ROW(C99) - J$15 -J$16 + 1 < J$14,INDIRECT(ADDRESS(MOD(ROW(C99) - J$15, J$14) + J$15, COLUMN(C99))),""))} -> P5 | K99: {=IF(ROW(D99)-K$15 < K$14,D99,IF(ROW(D99) - K$15 -K$16 + 1 < K$14,INDIRECT(ADDRESS(MOD(ROW(D99) - K$15, K$14) + K$15, COLUMN(D99))),""))} | L99: {=IF(ROW(E99)-L$15 < L$14,E99,IF(ROW(E99) - L$15 -L$16 + 1 < L$14,INDIRECT(ADDRESS(MOD(ROW(E99) - L$15, L$14) + L$15, COLUMN(E99))),""))} | N99: {=IF(H99<>"", SUMPRODUCT((OFFSET(H99,0,0,H$16,1)=$T$24) +0),"")} -> 0 | O99: {=IF(B99<>"", SUMPRODUCT((OFFSET(B99,0,0,I$16,1)=$T$24) +0),"")} | P99: {=IF(J99<>"", SUMPRODUCT((OFFSET(J99,0,0,J$16,1)=$T$24) +0),"")} -> 0 | Q99: {=IF(K99<>"", SUMPRODUCT((OFFSET(K99,0,0,K$16,1)=$T$24) +0),"")} | R99: {=IF(E99<>"", SUMPRODUCT((OFFSET(E99,0,0,L$16,1)=$T$24) +0),"")} | AB99: =IF(ROW()-$AA$51 < (H$16+1)^5, MOD(_xlfn.FLOOR.MATH((ROW()-$AA$51)/AB$50), H$16+1), "") -> 3 | AC99: =IF(ROW()-$AA$51 < (I$16+1)^5, MOD(_xlfn.FLOOR.MATH((ROW()-$AA$51)/AC$50), I$16+1), "") -> 3 | AD99: =IF(ROW()-$AA$51 < (J$16+1)^5, MOD(_xlfn.FLOOR.MATH((ROW()-$AA$51)/AD$50), J$16+1), "") -> 2 | AE99: =IF(ROW()-$AA$51 < (K$16+1)^5, MOD(_xlfn.FLOOR.MATH((ROW()-$AA$51)/AE$50), K$16+1), "") -> 0 | AF99: =IF(ROW()-$AA$51 < (L$16+1)^5, MOD(_xlfn.FLOOR.MATH((ROW()-$AA$51)/AF$50), L$16+1), "") -> 0 | AG99: =IF(ROW($AA99) - $AA$51 < ($H$16+1)^5, SUM(AB99:AF99), "") -> 8 | AH99: =IF(ROW($AA99) - $AA$51 < (4)^5, (_xlfn.XLOOKUP(AB99,$T$51:$T$55,U$51:U$55,0)/U$27) * (_xlfn.XLOOKUP(AC99,$T$51:$T$55,V$51:V$55,0)/V$27) * (_xlfn.XLOOKUP(AD99,$T$51:$T$55,W$51:W$55,0)/W$27) * (_xlfn.XLOOKUP(AE99,$T$51:$T$55,X$51:X$55,0)/X$27) * (_xlfn.XLOOKUP(AF99,$T$51:$T$55,Y$51:Y$55,0)/Y$27), "") -> 0 | AI99: =IF(ROW($AA99) - $AA$51 < ($H$16+1)^5, IF(AG99 >= BaseBonus!$C$16, AG99*BaseBonus!$E$31, 0), "") -> 7.5124287 | AJ99: =IF(ROW($AA99) - $AA$51 < ($H$16+1)^5, AH99*AI99, "") -> 0
A100: P1 | C100: P1 | H100: {=IF(ROW(A100)-H$15 < H$14,A100,IF(ROW(A100) - H$15 -H$16 + 1 < H$14,INDIRECT(ADDRESS(MOD(ROW(A100) - H$15, H$14) + H$15, COLUMN(A100))),""))} -> P1 | I100: {=IF(ROW(B100)-I$15 < I$14,B100,IF(ROW(B100) - I$15 -I$16 + 1 < I$14,INDIRECT(ADDRESS(MOD(ROW(B100) - I$15, I$14) + I$15, COLUMN(B100))),""))} | J100: {=IF(ROW(C100)-J$15 < J$14,C100,IF(ROW(C100) - J$15 -J$16 + 1 < J$14,INDIRECT(ADDRESS(MOD(ROW(C100) - J$15, J$14) + J$15, COLUMN(C100))),""))} -> P1 | K100: {=IF(ROW(D100)-K$15 < K$14,D100,IF(ROW(D100) - K$15 -K$16 + 1 < K$14,INDIRECT(ADDRESS(MOD(ROW(D100) - K$15, K$14) + K$15, COLUMN(D100))),""))} | L100: {=IF(ROW(E100)-L$15 < L$14,E100,IF(ROW(E100) - L$15 -L$16 + 1 < L$14,INDIRECT(ADDRESS(MOD(ROW(E100) - L$15, L$14) + L$15, COLUMN(E100))),""))} | O100: {=IF(B100<>"", SUMPRODUCT((OFFSET(B100,0,0,I$16,1)=$T$24) +0),"")} | P100: {=IF(J100<>"", SUMPRODUCT((OFFSET(J100,0,0,J$16,1)=$T$24) +0),"")} -> 0 | Q100: {=IF(D100<>"", SUMPRODUCT((OFFSET(D100,0,0,K$16,1)=$T$24) +0),"")} | R100: {=IF(E100<>"", SUMPRODUCT((OFFSET(E100,0,0,L$16,1)=$T$24) +0),"")} | AB100: =IF(ROW()-$AA$51 < (H$16+1)^5, MOD(_xlfn.FLOOR.MATH((ROW()-$AA$51)/AB$50), H$16+1), "") -> 0 | AC100: =IF(ROW()-$AA$51 < (I$16+1)^5, MOD(_xlfn.FLOOR.MATH((ROW()-$AA$51)/AC$50), I$16+1), "") -> 0 | AD100: =IF(ROW()-$AA$51 < (J$16+1)^5, MOD(_xlfn.FLOOR.MATH((ROW()-$AA$51)/AD$50), J$16+1), "") -> 3 | AE100: =IF(ROW()-$AA$51 < (K$16+1)^5, MOD(_xlfn.FLOOR.MATH((ROW()-$AA$51)/AE$50), K$16+1), "") -> 0 | AF100: =IF(ROW()-$AA$51 < (L$16+1)^5, MOD(_xlfn.FLOOR.MATH((ROW()-$AA$51)/AF$50), L$16+1), "") -> 0 | AG100: =IF(ROW($AA100) - $AA$51 < ($H$16+1)^5, SUM(AB100:AF100), "") -> 3 | AH100: =IF(ROW($AA100) - $AA$51 < (4)^5, (_xlfn.XLOOKUP(AB100,$T$51:$T$55,U$51:U$55,0)/U$27) * (_xlfn.XLOOKUP(AC100,$T$51:$T$55,V$51:V$55,0)/V$27) * (_xlfn.XLOOKUP(AD100,$T$51:$T$55,W$51:W$55,0)/W$27) * (_xlfn.XLOOKUP(AE100,$T$51:$T$55,X$51:X$55,0)/X$27) * (_xlfn.XLOOKUP(AF100,$T$51:$T$55,Y$51:Y$55,0)/Y$27), "") -> 0 | AI100: =IF(ROW($AA100) - $AA$51 < ($H$16+1)^5, IF(AG100 >= BaseBonus!$C$16, AG100*BaseBonus!$E$31, 0), "") -> 0 | AJ100: =IF(ROW($AA100) - $AA$51 < ($H$16+1)^5, AH100*AI100, "") -> 0
C101: P3 | H101: {=IF(ROW(A101)-H$15 < H$14,A101,IF(ROW(A101) - H$15 -H$16 + 1 < H$14,INDIRECT(ADDRESS(MOD(ROW(A101) - H$15, H$14) + H$15, COLUMN(A101))),""))} -> P3 | I101: {=IF(ROW(B101)-I$15 < I$14,B101,IF(ROW(B101) - I$15 -I$16 + 1 < I$14,INDIRECT(ADDRESS(MOD(ROW(B101) - I$15, I$14) + I$15, COLUMN(B101))),""))} | J101: {=IF(ROW(C101)-J$15 < J$14,C101,IF(ROW(C101) - J$15 -J$16 + 1 < J$14,INDIRECT(ADDRESS(MOD(ROW(C101) - J$15, J$14) + J$15, COLUMN(C101))),""))} -> P3 | K101: {=IF(ROW(D101)-K$15 < K$14,D101,IF(ROW(D101) - K$15 -K$16 + 1 < K$14,INDIRECT(ADDRESS(MOD(ROW(D101) - K$15, K$14) + K$15, COLUMN(D101))),""))} | L101: {=IF(ROW(E101)-L$15 < L$14,E101,IF(ROW(E101) - L$15 -L$16 + 1 < L$14,INDIRECT(ADDRESS(MOD(ROW(E101) - L$15, L$14) + L$15, COLUMN(E101))),""))} | N101: {=IF(A101<>"", SUMPRODUCT((OFFSET(A101,0,0,H$16,1)=$T$24) +0),"")} | O101: {=IF(B101<>"", SUMPRODUCT((OFFSET(B101,0,0,I$16,1)=$T$24) +0),"")} | P101: {=IF(J101<>"", SUMPRODUCT((OFFSET(J101,0,0,J$16,1)=$T$24) +0),"")} -> 0 | Q101: {=IF(D101<>"", SUMPRODUCT((OFFSET(D101,0,0,K$16,1)=$T$24) +0),"")} | R101: {=IF(E101<>"", SUMPRODUCT((OFFSET(E101,0,0,L$16,1)=$T$24) +0),"")} | AB101: =IF(ROW()-$AA$51 < (H$16+1)^5, MOD(_xlfn.FLOOR.MATH((ROW()-$AA$51)/AB$50), H$16+1), "") -> 1 | AC101: =IF(ROW()-$AA$51 < (I$16+1)^5, MOD(_xlfn.FLOOR.MATH((ROW()-$AA$51)/AC$50), I$16+1), "") -> 0 | AD101: =IF(ROW()-$AA$51 < (J$16+1)^5, MOD(_xlfn.FLOOR.MATH((ROW()-$AA$51)/AD$50), J$16+1), "") -> 3 | AE101: =IF(ROW()-$AA$51 < (K$16+1)^5, MOD(_xlfn.FLOOR.MATH((ROW()-$AA$51)/AE$50), K$16+1), "") -> 0 | AF101: =IF(ROW()-$AA$51 < (L$16+1)^5, MOD(_xlfn.FLOOR.MATH((ROW()-$AA$51)/AF$50), L$16+1), "") -> 0 | AG101: =IF(ROW($AA101) - $AA$51 < ($H$16+1)^5, SUM(AB101:AF101), "") -> 4 | AH101: =IF(ROW($AA101) - $AA$51 < (4)^5, (_xlfn.XLOOKUP(AB101,$T$51:$T$55,U$51:U$55,0)/U$27) * (_xlfn.XLOOKUP(AC101,$T$51:$T$55,V$51:V$55,0)/V$27) * (_xlfn.XLOOKUP(AD101,$T$51:$T$55,W$51:W$55,0)/W$27) * (_xlfn.XLOOKUP(AE101,$T$51:$T$55,X$51:X$55,0)/X$27) * (_xlfn.XLOOKUP(AF101,$T$51:$T$55,Y$51:Y$55,0)/Y$27), "") -> 0 | AI101: =IF(ROW($AA101) - $AA$51 < ($H$16+1)^5, IF(AG101 >= BaseBonus!$C$16, AG101*BaseBonus!$E$31, 0), "") -> 0 | AJ101: =IF(ROW($AA101) - $AA$51 < ($H$16+1)^5, AH101*AI101, "") -> 0
C102: P4 | H102: {=IF(ROW(A102)-H$15 < H$14,A102,IF(ROW(A102) - H$15 -H$16 + 1 < H$14,INDIRECT(ADDRESS(MOD(ROW(A102) - H$15, H$14) + H$15, COLUMN(A102))),""))} -> P4 | I102: {=IF(ROW(B102)-I$15 < I$14,B102,IF(ROW(B102) - I$15 -I$16 + 1 < I$14,INDIRECT(ADDRESS(MOD(ROW(B102) - I$15, I$14) + I$15, COLUMN(B102))),""))} | J102: {=IF(ROW(C102)-J$15 < J$14,C102,IF(ROW(C102) - J$15 -J$16 + 1 < J$14,INDIRECT(ADDRESS(MOD(ROW(C102) - J$15, J$14) + J$15, COLUMN(C102))),""))} -> P4 | K102: {=IF(ROW(D102)-K$15 < K$14,D102,IF(ROW(D102) - K$15 -K$16 + 1 < K$14,INDIRECT(ADDRESS(MOD(ROW(D102) - K$15, K$14) + K$15, COLUMN(D102))),""))} | L102: {=IF(ROW(E102)-L$15 < L$14,E102,IF(ROW(E102) - L$15 -L$16 + 1 < L$14,INDIRECT(ADDRESS(MOD(ROW(E102) - L$15, L$14) + L$15, COLUMN(E102))),""))} | N102: {=IF(A102<>"", SUMPRODUCT((OFFSET(A102,0,0,H$16,1)=$T$24) +0),"")} | O102: {=IF(B102<>"", SUMPRODUCT((OFFSET(B102,0,0,I$16,1)=$T$24) +0),"")} | P102: {=IF(J102<>"", SUMPRODUCT((OFFSET(J102,0,0,J$16,1)=$T$24) +0),"")} -> 0 | Q102: {=IF(D102<>"", SUMPRODUCT((OFFSET(D102,0,0,K$16,1)=$T$24) +0),"")} | R102: {=IF(E102<>"", SUMPRODUCT((OFFSET(E102,0,0,L$16,1)=$T$24) +0),"")} | AB102: =IF(ROW()-$AA$51 < (H$16+1)^5, MOD(_xlfn.FLOOR.MATH((ROW()-$AA$51)/AB$50), H$16+1), "") -> 2 | AC102: =IF(ROW()-$AA$51 < (I$16+1)^5, MOD(_xlfn.FLOOR.MATH((ROW()-$AA$51)/AC$50), I$16+1), "") -> 0 | AD102: =IF(ROW()-$AA$51 < (J$16+1)^5, MOD(_xlfn.FLOOR.MATH((ROW()-$AA$51)/AD$50), J$16+1), "") -> 3 | AE102: =IF(ROW()-$AA$51 < (K$16+1)^5, MOD(_xlfn.FLOOR.MATH((ROW()-$AA$51)/AE$50), K$16+1), "") -> 0 | AF102: =IF(ROW()-$AA$51 < (L$16+1)^5, MOD(_xlfn.FLOOR.MATH((ROW()-$AA$51)/AF$50), L$16+1), "") -> 0 | AG102: =IF(ROW($AA102) - $AA$51 < ($H$16+1)^5, SUM(AB102:AF102), "") -> 5 | AH102: =IF(ROW($AA102) - $AA$51 < (4)^5, (_xlfn.XLOOKUP(AB102,$T$51:$T$55,U$51:U$55,0)/U$27) * (_xlfn.XLOOKUP(AC102,$T$51:$T$55,V$51:V$55,0)/V$27) * (_xlfn.XLOOKUP(AD102,$T$51:$T$55,W$51:W$55,0)/W$27) * (_xlfn.XLOOKUP(AE102,$T$51:$T$55,X$51:X$55,0)/X$27) * (_xlfn.XLOOKUP(AF102,$T$51:$T$55,Y$51:Y$55,0)/Y$27), "") -> 0 | AI102: =IF(ROW($AA102) - $AA$51 < ($H$16+1)^5, IF(AG102 >= BaseBonus!$C$16, AG102*BaseBonus!$E$31, 0), "") -> 4.6952679 | AJ102: =IF(ROW($AA102) - $AA$51 < ($H$16+1)^5, AH102*AI102, "") -> 0
C103: P3 | H103: {=IF(ROW(A103)-H$15 < H$14,A103,IF(ROW(A103) - H$15 -H$16 + 1 < H$14,INDIRECT(ADDRESS(MOD(ROW(A103) - H$15, H$14) + H$15, COLUMN(A103))),""))} | I103: {=IF(ROW(B103)-I$15 < I$14,B103,IF(ROW(B103) - I$15 -I$16 + 1 < I$14,INDIRECT(ADDRESS(MOD(ROW(B103) - I$15, I$14) + I$15, COLUMN(B103))),""))} | J103: {=IF(ROW(C103)-J$15 < J$14,C103,IF(ROW(C103) - J$15 -J$16 + 1 < J$14,INDIRECT(ADDRESS(MOD(ROW(C103) - J$15, J$14) + J$15, COLUMN(C103))),""))} -> P3 | K103: {=IF(ROW(D103)-K$15 < K$14,D103,IF(ROW(D103) - K$15 -K$16 + 1 < K$14,INDIRECT(ADDRESS(MOD(ROW(D103) - K$15, K$14) + K$15, COLUMN(D103))),""))} | L103: {=IF(ROW(E103)-L$15 < L$14,E103,IF(ROW(E103) - L$15 -L$16 + 1 < L$14,INDIRECT(ADDRESS(MOD(ROW(E103) - L$15, L$14) + L$15, COLUMN(E103))),""))} | N103: {=IF(A103<>"", SUMPRODUCT((OFFSET(A103,0,0,H$16,1)=$T$24) +0),"")} | O103: {=IF(B103<>"", SUMPRODUCT((OFFSET(B103,0,0,I$16,1)=$T$24) +0),"")} | P103: {=IF(J103<>"", SUMPRODUCT((OFFSET(J103,0,0,J$16,1)=$T$24) +0),"")} -> 0 | Q103: {=IF(D103<>"", SUMPRODUCT((OFFSET(D103,0,0,K$16,1)=$T$24) +0),"")} | R103: {=IF(E103<>"", SUMPRODUCT((OFFSET(E103,0,0,L$16,1)=$T$24) +0),"")} | AB103: =IF(ROW()-$AA$51 < (H$16+1)^5, MOD(_xlfn.FLOOR.MATH((ROW()-$AA$51)/AB$50), H$16+1), "") -> 3 | AC103: =IF(ROW()-$AA$51 < (I$16+1)^5, MOD(_xlfn.FLOOR.MATH((ROW()-$AA$51)/AC$50), I$16+1), "") -> 0 | AD103: =IF(ROW()-$AA$51 < (J$16+1)^5, MOD(_xlfn.FLOOR.MATH((ROW()-$AA$51)/AD$50), J$16+1), "") -> 3 | AE103: =IF(ROW()-$AA$51 < (K$16+1)^5, MOD(_xlfn.FLOOR.MATH((ROW()-$AA$51)/AE$50), K$16+1), "") -> 0 | AF103: =IF(ROW()-$AA$51 < (L$16+1)^5, MOD(_xlfn.FLOOR.MATH((ROW()-$AA$51)/AF$50), L$16+1), "") -> 0 | AG103: =IF(ROW($AA103) - $AA$51 < ($H$16+1)^5, SUM(AB103:AF103), "") -> 6 | AH103: =IF(ROW($AA103) - $AA$51 < (4)^5, (_xlfn.XLOOKUP(AB103,$T$51:$T$55,U$51:U$55,0)/U$27) * (_xlfn.XLOOKUP(AC103,$T$51:$T$55,V$51:V$55,0)/V$27) * (_xlfn.XLOOKUP(AD103,$T$51:$T$55,W$51:W$55,0)/W$27) * (_xlfn.XLOOKUP(AE103,$T$51:$T$55,X$51:X$55,0)/X$27) * (_xlfn.XLOOKUP(AF103,$T$51:$T$55,Y$51:Y$55,0)/Y$27), "") -> 0 | AI103: =IF(ROW($AA103) - $AA$51 < ($H$16+1)^5, IF(AG103 >= BaseBonus!$C$16, AG103*BaseBonus!$E$31, 0), "") -> 5.6343215 | AJ103: =IF(ROW($AA103) - $AA$51 < ($H$16+1)^5, AH103*AI103, "") -> 0
H104: {=IF(ROW(A104)-H$15 < H$14,A104,IF(ROW(A104) - H$15 -H$16 + 1 < H$14,INDIRECT(ADDRESS(MOD(ROW(A104) - H$15, H$14) + H$15, COLUMN(A104))),""))} | I104: {=IF(ROW(B104)-I$15 < I$14,B104,IF(ROW(B104) - I$15 -I$16 + 1 < I$14,INDIRECT(ADDRESS(MOD(ROW(B104) - I$15, I$14) + I$15, COLUMN(B104))),""))} | J104: {=IF(ROW(C104)-J$15 < J$14,C104,IF(ROW(C104) - J$15 -J$16 + 1 < J$14,INDIRECT(ADDRESS(MOD(ROW(C104) - J$15, J$14) + J$15, COLUMN(C104))),""))} -> P5 | K104: {=IF(ROW(D104)-K$15 < K$14,D104,IF(ROW(D104) - K$15 -K$16 + 1 < K$14,INDIRECT(ADDRESS(MOD(ROW(D104) - K$15, K$14) + K$15, COLUMN(D104))),""))} | L104: {=IF(ROW(E104)-L$15 < L$14,E104,IF(ROW(E104) - L$15 -L$16 + 1 < L$14,INDIRECT(ADDRESS(MOD(ROW(E104) - L$15, L$14) + L$15, COLUMN(E104))),""))} | N104: {=IF(A104<>"", SUMPRODUCT((OFFSET(A104,0,0,H$16,1)=$T$24) +0),"")} | O104: {=IF(B104<>"", SUMPRODUCT((OFFSET(B104,0,0,I$16,1)=$T$24) +0),"")} | P104: {=IF(C104<>"", SUMPRODUCT((OFFSET(C104,0,0,J$16,1)=$T$24) +0),"")} | Q104: {=IF(D104<>"", SUMPRODUCT((OFFSET(D104,0,0,K$16,1)=$T$24) +0),"")} | R104: {=IF(E104<>"", SUMPRODUCT((OFFSET(E104,0,0,L$16,1)=$T$24) +0),"")} | AB104: =IF(ROW()-$AA$51 < (H$16+1)^5, MOD(_xlfn.FLOOR.MATH((ROW()-$AA$51)/AB$50), H$16+1), "") -> 0 | AC104: =IF(ROW()-$AA$51 < (I$16+1)^5, MOD(_xlfn.FLOOR.MATH((ROW()-$AA$51)/AC$50), I$16+1), "") -> 1 | AD104: =IF(ROW()-$AA$51 < (J$16+1)^5, MOD(_xlfn.FLOOR.MATH((ROW()-$AA$51)/AD$50), J$16+1), "") -> 3 | AE104: =IF(ROW()-$AA$51 < (K$16+1)^5, MOD(_xlfn.FLOOR.MATH((ROW()-$AA$51)/AE$50), K$16+1), "") -> 0 | AF104: =IF(ROW()-$AA$51 < (L$16+1)^5, MOD(_xlfn.FLOOR.MATH((ROW()-$AA$51)/AF$50), L$16+1), "") -> 0 | AG104: =IF(ROW($AA104) - $AA$51 < ($H$16+1)^5, SUM(AB104:AF104), "") -> 4 | AH104: =IF(ROW($AA104) - $AA$51 < (4)^5, (_xlfn.XLOOKUP(AB104,$T$51:$T$55,U$51:U$55,0)/U$27) * (_xlfn.XLOOKUP(AC104,$T$51:$T$55,V$51:V$55,0)/V$27) * (_xlfn.XLOOKUP(AD104,$T$51:$T$55,W$51:W$55,0)/W$27) * (_xlfn.XLOOKUP(AE104,$T$51:$T$55,X$51:X$55,0)/X$27) * (_xlfn.XLOOKUP(AF104,$T$51:$T$55,Y$51:Y$55,0)/Y$27), "") -> 0 | AI104: =IF(ROW($AA104) - $AA$51 < ($H$16+1)^5, IF(AG104 >= BaseBonus!$C$16, AG104*BaseBonus!$E$31, 0), "") -> 0 | AJ104: =IF(ROW($AA104) - $AA$51 < ($H$16+1)^5, AH104*AI104, "") -> 0
H105: {=IF(ROW(A105)-H$15 < H$14,A105,IF(ROW(A105) - H$15 -H$16 + 1 < H$14,INDIRECT(ADDRESS(MOD(ROW(A105) - H$15, H$14) + H$15, COLUMN(A105))),""))} | I105: {=IF(ROW(B105)-I$15 < I$14,B105,IF(ROW(B105) - I$15 -I$16 + 1 < I$14,INDIRECT(ADDRESS(MOD(ROW(B105) - I$15, I$14) + I$15, COLUMN(B105))),""))} | J105: {=IF(ROW(C105)-J$15 < J$14,C105,IF(ROW(C105) - J$15 -J$16 + 1 < J$14,INDIRECT(ADDRESS(MOD(ROW(C105) - J$15, J$14) + J$15, COLUMN(C105))),""))} -> P3 | K105: {=IF(ROW(D105)-K$15 < K$14,D105,IF(ROW(D105) - K$15 -K$16 + 1 < K$14,INDIRECT(ADDRESS(MOD(ROW(D105) - K$15, K$14) + K$15, COLUMN(D105))),""))} | L105: {=IF(ROW(E105)-L$15 < L$14,E105,IF(ROW(E105) - L$15 -L$16 + 1 < L$14,INDIRECT(ADDRESS(MOD(ROW(E105) - L$15, L$14) + L$15, COLUMN(E105))),""))} | N105: {=IF(A105<>"", SUMPRODUCT((OFFSET(A105,0,0,H$16,1)=$T$24) +0),"")} | O105: {=IF(B105<>"", SUMPRODUCT((OFFSET(B105,0,0,I$16,1)=$T$24) +0),"")} | P105: {=IF(C105<>"", SUMPRODUCT((OFFSET(C105,0,0,J$16,1)=$T$24) +0),"")} | Q105: {=IF(D105<>"", SUMPRODUCT((OFFSET(D105,0,0,K$16,1)=$T$24) +0),"")} | R105: {=IF(E105<>"", SUMPRODUCT((OFFSET(E105,0,0,L$16,1)=$T$24) +0),"")} | AB105: =IF(ROW()-$AA$51 < (H$16+1)^5, MOD(_xlfn.FLOOR.MATH((ROW()-$AA$51)/AB$50), H$16+1), "") -> 1 | AC105: =IF(ROW()-$AA$51 < (I$16+1)^5, MOD(_xlfn.FLOOR.MATH((ROW()-$AA$51)/AC$50), I$16+1), "") -> 1 | AD105: =IF(ROW()-$AA$51 < (J$16+1)^5, MOD(_xlfn.FLOOR.MATH((ROW()-$AA$51)/AD$50), J$16+1), "") -> 3 | AE105: =IF(ROW()-$AA$51 < (K$16+1)^5, MOD(_xlfn.FLOOR.MATH((ROW()-$AA$51)/AE$50), K$16+1), "") -> 0 | AF105: =IF(ROW()-$AA$51 < (L$16+1)^5, MOD(_xlfn.FLOOR.MATH((ROW()-$AA$51)/AF$50), L$16+1), "") -> 0 | AG105: =IF(ROW($AA105) - $AA$51 < ($H$16+1)^5, SUM(AB105:AF105), "") -> 5 | AH105: =IF(ROW($AA105) - $AA$51 < (4)^5, (_xlfn.XLOOKUP(AB105,$T$51:$T$55,U$51:U$55,0)/U$27) * (_xlfn.XLOOKUP(AC105,$T$51:$T$55,V$51:V$55,0)/V$27) * (_xlfn.XLOOKUP(AD105,$T$51:$T$55,W$51:W$55,0)/W$27) * (_xlfn.XLOOKUP(AE105,$T$51:$T$55,X$51:X$55,0)/X$27) * (_xlfn.XLOOKUP(AF105,$T$51:$T$55,Y$51:Y$55,0)/Y$27), "") -> 0 | AI105: =IF(ROW($AA105) - $AA$51 < ($H$16+1)^5, IF(AG105 >= BaseBonus!$C$16, AG105*BaseBonus!$E$31, 0), "") -> 4.6952679 | AJ105: =IF(ROW($AA105) - $AA$51 < ($H$16+1)^5, AH105*AI105, "") -> 0
H106: {=IF(ROW(A106)-H$15 < H$14,A106,IF(ROW(A106) - H$15 -H$16 + 1 < H$14,INDIRECT(ADDRESS(MOD(ROW(A106) - H$15, H$14) + H$15, COLUMN(A106))),""))} | I106: {=IF(ROW(B106)-I$15 < I$14,B106,IF(ROW(B106) - I$15 -I$16 + 1 < I$14,INDIRECT(ADDRESS(MOD(ROW(B106) - I$15, I$14) + I$15, COLUMN(B106))),""))} | J106: {=IF(ROW(C106)-J$15 < J$14,C106,IF(ROW(C106) - J$15 -J$16 + 1 < J$14,INDIRECT(ADDRESS(MOD(ROW(C106) - J$15, J$14) + J$15, COLUMN(C106))),""))} | K106: {=IF(ROW(D106)-K$15 < K$14,D106,IF(ROW(D106) - K$15 -K$16 + 1 < K$14,INDIRECT(ADDRESS(MOD(ROW(D106) - K$15, K$14) + K$15, COLUMN(D106))),""))} | L106: {=IF(ROW(E106)-L$15 < L$14,E106,IF(ROW(E106) - L$15 -L$16 + 1 < L$14,INDIRECT(ADDRESS(MOD(ROW(E106) - L$15, L$14) + L$15, COLUMN(E106))),""))} | N106: {=IF(A106<>"", SUMPRODUCT((OFFSET(A106,0,0,H$16,1)=$T$24) +0),"")} | O106: {=IF(B106<>"", SUMPRODUCT((OFFSET(B106,0,0,I$16,1)=$T$24) +0),"")} | P106: {=IF(C106<>"", SUMPRODUCT((OFFSET(C106,0,0,J$16,1)=$T$24) +0),"")} | Q106: {=IF(D106<>"", SUMPRODUCT((OFFSET(D106,0,0,K$16,1)=$T$24) +0),"")} | R106: {=IF(E106<>"", SUMPRODUCT((OFFSET(E106,0,0,L$16,1)=$T$24) +0),"")} | AB106: =IF(ROW()-$AA$51 < (H$16+1)^5, MOD(_xlfn.FLOOR.MATH((ROW()-$AA$51)/AB$50), H$16+1), "") -> 2 | AC106: =IF(ROW()-$AA$51 < (I$16+1)^5, MOD(_xlfn.FLOOR.MATH((ROW()-$AA$51)/AC$50), I$16+1), "") -> 1 | AD106: =IF(ROW()-$AA$51 < (J$16+1)^5, MOD(_xlfn.FLOOR.MATH((ROW()-$AA$51)/AD$50), J$16+1), "") -> 3 | AE106: =IF(ROW()-$AA$51 < (K$16+1)^5, MOD(_xlfn.FLOOR.MATH((ROW()-$AA$51)/AE$50), K$16+1), "") -> 0 | AF106: =IF(ROW()-$AA$51 < (L$16+1)^5, MOD(_xlfn.FLOOR.MATH((ROW()-$AA$51)/AF$50), L$16+1), "") -> 0 | AG106: =IF(ROW($AA106) - $AA$51 < ($H$16+1)^5, SUM(AB106:AF106), "") -> 6 | AH106: =IF(ROW($AA106) - $AA$51 < (4)^5, (_xlfn.XLOOKUP(AB106,$T$51:$T$55,U$51:U$55,0)/U$27) * (_xlfn.XLOOKUP(AC106,$T$51:$T$55,V$51:V$55,0)/V$27) * (_xlfn.XLOOKUP(AD106,$T$51:$T$55,W$51:W$55,0)/W$27) * (_xlfn.XLOOKUP(AE106,$T$51:$T$55,X$51:X$55,0)/X$27) * (_xlfn.XLOOKUP(AF106,$T$51:$T$55,Y$51:Y$55,0)/Y$27), "") -> 0 | AI106: =IF(ROW($AA106) - $AA$51 < ($H$16+1)^5, IF(AG106 >= BaseBonus!$C$16, AG106*BaseBonus!$E$31, 0), "") -> 5.6343215 | AJ106: =IF(ROW($AA106) - $AA$51 < ($H$16+1)^5, AH106*AI106, "") -> 0
H107: {=IF(ROW(A107)-H$15 < H$14,A107,IF(ROW(A107) - H$15 -H$16 + 1 < H$14,INDIRECT(ADDRESS(MOD(ROW(A107) - H$15, H$14) + H$15, COLUMN(A107))),""))} | I107: {=IF(ROW(B107)-I$15 < I$14,B107,IF(ROW(B107) - I$15 -I$16 + 1 < I$14,INDIRECT(ADDRESS(MOD(ROW(B107) - I$15, I$14) + I$15, COLUMN(B107))),""))} | J107: {=IF(ROW(C107)-J$15 < J$14,C107,IF(ROW(C107) - J$15 -J$16 + 1 < J$14,INDIRECT(ADDRESS(MOD(ROW(C107) - J$15, J$14) + J$15, COLUMN(C107))),""))} | K107: {=IF(ROW(D107)-K$15 < K$14,D107,IF(ROW(D107) - K$15 -K$16 + 1 < K$14,INDIRECT(ADDRESS(MOD(ROW(D107) - K$15, K$14) + K$15, COLUMN(D107))),""))} | L107: {=IF(ROW(E107)-L$15 < L$14,E107,IF(ROW(E107) - L$15 -L$16 + 1 < L$14,INDIRECT(ADDRESS(MOD(ROW(E107) - L$15, L$14) + L$15, COLUMN(E107))),""))} | N107: {=IF(A107<>"", SUMPRODUCT((OFFSET(A107,0,0,H$16,1)=$T$24) +0),"")} | O107: {=IF(B107<>"", SUMPRODUCT((OFFSET(B107,0,0,I$16,1)=$T$24) +0),"")} | P107: {=IF(C107<>"", SUMPRODUCT((OFFSET(C107,0,0,J$16,1)=$T$24) +0),"")} | Q107: {=IF(D107<>"", SUMPRODUCT((OFFSET(D107,0,0,K$16,1)=$T$24) +0),"")} | R107: {=IF(E107<>"", SUMPRODUCT((OFFSET(E107,0,0,L$16,1)=$T$24) +0),"")} | AB107: =IF(ROW()-$AA$51 < (H$16+1)^5, MOD(_xlfn.FLOOR.MATH((ROW()-$AA$51)/AB$50), H$16+1), "") -> 3 | AC107: =IF(ROW()-$AA$51 < (I$16+1)^5, MOD(_xlfn.FLOOR.MATH((ROW()-$AA$51)/AC$50), I$16+1), "") -> 1 | AD107: =IF(ROW()-$AA$51 < (J$16+1)^5, MOD(_xlfn.FLOOR.MATH((ROW()-$AA$51)/AD$50), J$16+1), "") -> 3 | AE107: =IF(ROW()-$AA$51 < (K$16+1)^5, MOD(_xlfn.FLOOR.MATH((ROW()-$AA$51)/AE$50), K$16+1), "") -> 0 | AF107: =IF(ROW()-$AA$51 < (L$16+1)^5, MOD(_xlfn.FLOOR.MATH((ROW()-$AA$51)/AF$50), L$16+1), "") -> 0 | AG107: =IF(ROW($AA107) - $AA$51 < ($H$16+1)^5, SUM(AB107:AF107), "") -> 7 | AH107: =IF(ROW($AA107) - $AA$51 < (4)^5, (_xlfn.XLOOKUP(AB107,$T$51:$T$55,U$51:U$55,0)/U$27) * (_xlfn.XLOOKUP(AC107,$T$51:$T$55,V$51:V$55,0)/V$27) * (_xlfn.XLOOKUP(AD107,$T$51:$T$55,W$51:W$55,0)/W$27) * (_xlfn.XLOOKUP(AE107,$T$51:$T$55,X$51:X$55,0)/X$27) * (_xlfn.XLOOKUP(AF107,$T$51:$T$55,Y$51:Y$55,0)/Y$27), "") -> 0 | AI107: =IF(ROW($AA107) - $AA$51 < ($H$16+1)^5, IF(AG107 >= BaseBonus!$C$16, AG107*BaseBonus!$E$31, 0), "") -> 6.5733751 | AJ107: =IF(ROW($AA107) - $AA$51 < ($H$16+1)^5, AH107*AI107, "") -> 0
H108: {=IF(ROW(A108)-H$15 < H$14,A108,IF(ROW(A108) - H$15 -H$16 + 1 < H$14,INDIRECT(ADDRESS(MOD(ROW(A108) - H$15, H$14) + H$15, COLUMN(A108))),""))} | I108: {=IF(ROW(B108)-I$15 < I$14,B108,IF(ROW(B108) - I$15 -I$16 + 1 < I$14,INDIRECT(ADDRESS(MOD(ROW(B108) - I$15, I$14) + I$15, COLUMN(B108))),""))} | J108: {=IF(ROW(C108)-J$15 < J$14,C108,IF(ROW(C108) - J$15 -J$16 + 1 < J$14,INDIRECT(ADDRESS(MOD(ROW(C108) - J$15, J$14) + J$15, COLUMN(C108))),""))} | K108: {=IF(ROW(D108)-K$15 < K$14,D108,IF(ROW(D108) - K$15 -K$16 + 1 < K$14,INDIRECT(ADDRESS(MOD(ROW(D108) - K$15, K$14) + K$15, COLUMN(D108))),""))} | L108: {=IF(ROW(E108)-L$15 < L$14,E108,IF(ROW(E108) - L$15 -L$16 + 1 < L$14,INDIRECT(ADDRESS(MOD(ROW(E108) - L$15, L$14) + L$15, COLUMN(E108))),""))} | N108: {=IF(A108<>"", SUMPRODUCT((OFFSET(A108,0,0,H$16,1)=$T$24) +0),"")} | O108: {=IF(B108<>"", SUMPRODUCT((OFFSET(B108,0,0,I$16,1)=$T$24) +0),"")} | P108: {=IF(C108<>"", SUMPRODUCT((OFFSET(C108,0,0,J$16,1)=$T$24) +0),"")} | Q108: {=IF(D108<>"", SUMPRODUCT((OFFSET(D108,0,0,K$16,1)=$T$24) +0),"")} | R108: {=IF(E108<>"", SUMPRODUCT((OFFSET(E108,0,0,L$16,1)=$T$24) +0),"")} | AB108: =IF(ROW()-$AA$51 < (H$16+1)^5, MOD(_xlfn.FLOOR.MATH((ROW()-$AA$51)/AB$50), H$16+1), "") -> 0 | AC108: =IF(ROW()-$AA$51 < (I$16+1)^5, MOD(_xlfn.FLOOR.MATH((ROW()-$AA$51)/AC$50), I$16+1), "") -> 2 | AD108: =IF(ROW()-$AA$51 < (J$16+1)^5, MOD(_xlfn.FLOOR.MATH((ROW()-$AA$51)/AD$50), J$16+1), "") -> 3 | AE108: =IF(ROW()-$AA$51 < (K$16+1)^5, MOD(_xlfn.FLOOR.MATH((ROW()-$AA$51)/AE$50), K$16+1), "") -> 0 | AF108: =IF(ROW()-$AA$51 < (L$16+1)^5, MOD(_xlfn.FLOOR.MATH((ROW()-$AA$51)/AF$50), L$16+1), "") -> 0 | AG108: =IF(ROW($AA108) - $AA$51 < ($H$16+1)^5, SUM(AB108:AF108), "") -> 5 | AH108: =IF(ROW($AA108) - $AA$51 < (4)^5, (_xlfn.XLOOKUP(AB108,$T$51:$T$55,U$51:U$55,0)/U$27) * (_xlfn.XLOOKUP(AC108,$T$51:$T$55,V$51:V$55,0)/V$27) * (_xlfn.XLOOKUP(AD108,$T$51:$T$55,W$51:W$55,0)/W$27) * (_xlfn.XLOOKUP(AE108,$T$51:$T$55,X$51:X$55,0)/X$27) * (_xlfn.XLOOKUP(AF108,$T$51:$T$55,Y$51:Y$55,0)/Y$27), "") -> 0 | AI108: =IF(ROW($AA108) - $AA$51 < ($H$16+1)^5, IF(AG108 >= BaseBonus!$C$16, AG108*BaseBonus!$E$31, 0), "") -> 4.6952679 | AJ108: =IF(ROW($AA108) - $AA$51 < ($H$16+1)^5, AH108*AI108, "") -> 0
